"code","sex","age","BISImAt","BISImpMOT","BISImpNP","BISTOT","NFC","likemagic","surpmagic","predmagic","explA","explB","confmagic","easymagic","howmagic","newmagic","crt1","crt2","crt3","crt4","crt5","crt6","crt7","norm1","norm2","norm3","norm4","norm5","norm6","norm7","normtot","totscien","span_for","span_back","num_ab"
"84SF09",2,19,NA,NA,NA,NA,NA,4,5,3,2,2,2,5,5,5,24,NA,100,12,1,10,NA,"0,00","0,00","0,00","0,00","0,00","0,00","0,00","0,00","0,00",NA,NA,NA
"15SG12",2,19,NA,NA,NA,NA,NA,4,4,4,2,2,3,4,4,4,2,10,5,12,30,20,3,"0,00","0,00","1,00","0,00","0,00","1,00","1,00","3,00","0,00",NA,NA,NA
"35CG19",2,19,15,21,30,66,51,4,4,2,2,2,4,4,5,4,47,10,100,6,30,20,2,"1,00","0,00","0,00","0,00","0,00","1,00","0,00","2,00","1,00",NA,NA,5
"90OD16",2,20,NA,NA,NA,NA,NA,4,3,4,3,3,2,4,4,4,24,5,100,4,29,0,2,"0,00","1,00","0,00","1,00","1,00","0,00","0,00","3,00","",NA,NA,NA
"86BF19",2,19,NA,NA,NA,NA,NA,4,4,1,3,3,5,2,4,3,47,10,5,4,30,20,2,"1,00","0,00","1,00","1,00","0,00","1,00","0,00","4,00","",NA,NA,NA
"00CB12",1,19,NA,NA,NA,NA,NA,5,4,3,1,1,2,2,5,5,47,10,5,4,29,20,3,"1,00","0,00","1,00","1,00","1,00","1,00","1,00","6,00","1,00",NA,NA,NA
"63GG22",1,19,NA,NA,NA,NA,NA,5,4,2,1,1,2,4,5,5,47,5,5,4,29,10,3,"1,00","1,00","1,00","1,00","1,00","0,00","1,00","6,00","0,00",NA,NA,NA
"03EG11",1,20,NA,NA,NA,NA,NA,4,5,4,2,2,2,1,5,5,47,5,5,12,15,20,2,"1,00","1,00","1,00","0,00","0,00","1,00","0,00","4,00","",NA,NA,NA
"64MB03",1,22,14,19,28,61,66,4,4,4,1,1,4,4,5,5,47,5,5,4,29,20,3,"1,00","1,00","1,00","1,00","1,00","1,00","1,00","7,00","0,00",NA,NA,6
"72GF18",2,18,NA,NA,NA,NA,NA,NA,NA,NA,NA,NA,NA,NA,NA,NA,47,5,5,NA,30,10,3,"1,00","1,00","1,00","0,00","0,00","0,00","1,00","4,00","1,00",NA,NA,NA
"08FD08",2,19,NA,NA,NA,NA,NA,4,5,4,2,2,3,2,4,5,NA,10,20,9,15,10,3,"0,00","0,00","0,00","0,00","0,00","0,00","1,00","1,00","1,00",NA,NA,NA
"59SF25",2,19,NA,NA,NA,NA,NA,5,4,3,2,2,3,4,4,5,24,5,100,9,15,10,2,"0,00","1,00","0,00","0,00","0,00","0,00","0,00","1,00","0,00",NA,NA,NA
"88LB22",1,19,NA,NA,NA,NA,NA,5,5,3,1,1,2,4,5,5,47,10,5,9,30,10,3,"1,00","0,00","1,00","0,00","0,00","0,00","1,00","3,00","0,00",NA,NA,NA
"25MAAL27",1,21,NA,NA,NA,NA,NA,4,4,1,2,2,2,4,5,4,24,10,500,6,30,10,3,"0,00","0,00","0,00","0,00","0,00","0,00","1,00","1,00","0,00",NA,NA,NA
"02BF15",2,20,NA,NA,NA,NA,NA,4,5,3,2,2,3,4,5,4,24,10,100,9,15,20,2,"0,00","0,00","0,00","0,00","0,00","1,00","0,00","1,00","0,00",NA,NA,NA
"97EG11",2,20,NA,NA,NA,NA,NA,5,5,1,2,2,2,4,5,5,16,10,5,6,15,0,3,"0,00","0,00","1,00","0,00","0,00","0,00","1,00","2,00","0,00",NA,NA,NA
"90GG27",2,20,NA,NA,NA,NA,NA,4,5,1,2,2,3,4,4,4,24,10,100,6,15,10,1,"0,00","0,00","0,00","0,00","0,00","0,00","0,00","0,00","1,00",NA,NA,NA
"18GG28",2,19,NA,NA,NA,NA,NA,3,4,2,3,3,NA,4,3,2,24,10,100,24,15,20,3,"0,00","0,00","0,00","0,00","0,00","1,00","1,00","2,00","0,00",NA,NA,NA
"99ID16",2,18,NA,NA,NA,NA,NA,4,4,1,2,2,2,3,5,4,24,10,100,8,15,20,2,"0,00","0,00","0,00","0,00","0,00","1,00","0,00","1,00","0,00",NA,NA,NA
"31NB25",1,19,13,17,23,65,65,5,4,1,1,1,1,3,5,5,47,5,100,12,30,20,2,"1,00","1,00","0,00","0,00","0,00","1,00","0,00","3,00","0,00",NA,NA,6
"62GD11",2,19,NA,NA,NA,NA,NA,4,3,2,1,1,2,4,3,3,47,5,500,4,1,20,3,"1,00","1,00","0,00","1,00","0,00","1,00","1,00","5,00","0,00",NA,NA,NA
"58TV04",1,20,NA,NA,NA,NA,NA,4,4,3,2,2,3,3,4,4,50,4,30,10,1,NA,10,"0,00","0,00","0,00","0,00","0,00","0,00","0,00","0,00","0,00",NA,NA,NA
"39GF17",2,19,NA,NA,NA,NA,NA,5,4,5,2,2,3,4,5,5,NA,10,1.44,NA,NA,10,NA,"0,00","0,00","0,00","0,00","0,00","0,00","0,00","0,00","0,00",NA,NA,NA
"10GB07",1,19,NA,NA,NA,NA,NA,NA,NA,NA,NA,NA,NA,NA,NA,NA,24,10,100,0,15,10,2,"0,00","0,00","0,00","0,00","0,00","0,00","0,00","0,00","0,00",NA,NA,NA
"45MB11",2,19,NA,NA,NA,NA,NA,4,5,1,2,2,3,4,4,5,24,10,100,6,15,10,2,"0,00","0,00","0,00","0,00","0,00","0,00","0,00","0,00","0,00",NA,NA,NA
"64RF08",2,20,NA,NA,NA,NA,NA,4,5,4,2,2,2,2,5,5,47,10,5,4,30,10,1,"1,00","0,00","1,00","1,00","0,00","0,00","0,00","3,00","0,00",NA,NA,NA
"70BG22",2,18,NA,NA,NA,NA,NA,4,4,3,3,3,5,3,4,3,47,5,5,4,29,10,2,"1,00","1,00","1,00","1,00","1,00","0,00","0,00","5,00","1,00",NA,NA,NA
"58CA07",2,19,NA,NA,NA,NA,NA,5,5,2,2,1,1,5,5,5,47,5,5,4,30,10,3,"1,00","1,00","1,00","1,00","0,00","0,00","1,00","5,00","",NA,NA,NA
"21GG30",2,18,NA,NA,NA,NA,NA,4,5,1,2,2,2,2,4,4,47,10,20,6,30,10,1,"1,00","0,00","0,00","0,00","0,00","0,00","0,00","1,00","1,00",NA,NA,NA
"51EC14",2,21,NA,NA,NA,NA,NA,4,3,1,2,1,3,3,2,3,47,5,5,12,29,10,3,"1,00","1,00","1,00","0,00","1,00","0,00","1,00","5,00","1,00",NA,NA,NA
"43SB30",2,18,NA,NA,NA,NA,NA,5,5,2,2,2,3,3,5,5,24,10,100,12,15,20,2,"0,00","0,00","0,00","0,00","0,00","1,00","0,00","1,00","0,00",NA,NA,NA
"51MLD30",2,19,NA,NA,NA,NA,NA,4,4,3,2,2,3,2,4,3,NA,NA,100,NA,NA,NA,NA,"0,00","0,00","0,00","0,00","0,00","0,00","0,00","0,00","0,00",NA,NA,NA
"59VB31",2,20,NA,NA,NA,NA,NA,5,5,1,2,2,2,1,4,4,47,10,100,12,1,10,2,"1,00","0,00","0,00","0,00","0,00","0,00","0,00","1,00","",NA,NA,NA
"73VC23",2,18,NA,NA,NA,NA,NA,5,5,4,1,1,5,3,5,4,47,5,5,6,29,20,2,"1,00","1,00","1,00","0,00","1,00","1,00","0,00","5,00","0,00",NA,NA,NA
"31AC19",2,19,NA,NA,NA,NA,NA,4,4,3,2,2,2,3,4,4,47,10,100,9,NA,10,2,"1,00","0,00","0,00","0,00","0,00","0,00","0,00","1,00","0,00",7,6,NA
"72DB14",2,19,NA,NA,NA,NA,NA,4,4,2,2,2,3,4,4,4,24,10,5,12,30,10,2,"0,00","0,00","1,00","0,00","0,00","0,00","0,00","1,00","0,00",NA,NA,NA
"47GC04",1,19,14,20,25,59,73,4,3,4,2,2,3,4,4,3,12,10,10,3,NA,20,2,"0,00","0,00","0,00","0,00","0,00","1,00","0,00","1,00","0,00",NA,NA,6
"46OD25",2,19,NA,NA,NA,NA,NA,4,4,3,2,2,4,3,5,5,47,10,5,3,NA,10,1,"1,00","0,00","1,00","0,00","0,00","0,00","0,00","2,00","0,00",NA,NA,NA
"53EB04",2,19,NA,NA,NA,NA,NA,5,5,4,2,2,1,4,5,5,24,10,5,NA,NA,20,2,"0,00","0,00","1,00","0,00","0,00","1,00","0,00","2,00","0,00",NA,NA,NA
"54EF09",2,18,NA,NA,NA,NA,NA,4,3,4,2,2,1,5,3,3,24,10,100,9,15,20,3,"0,00","0,00","0,00","0,00","0,00","1,00","1,00","2,00","1,00",NA,NA,NA
"52MB12",1,19,NA,NA,NA,NA,NA,4,4,2,2,2,2,3,5,5,24,10,100,6,15,20,2,"0,00","0,00","0,00","0,00","0,00","1,00","0,00","1,00","0,00",NA,NA,NA
"81CC13",2,19,NA,NA,NA,NA,NA,4,4,1,2,2,2,3,4,4,24,10,100,NA,15,0,3,"0,00","0,00","0,00","0,00","0,00","0,00","1,00","1,00","0,00",NA,NA,NA
"21GF13",1,20,NA,NA,NA,NA,NA,5,4,5,1,1,1,4,5,5,47,5,5,4,29,20,3,"1,00","1,00","1,00","1,00","1,00","1,00","1,00","7,00","0,00",NA,NA,NA
"58CG23",2,18,NA,NA,NA,NA,NA,4,5,2,3,3,NA,2,4,3,NA,10,NA,6,NA,80,NA,"0,00","0,00","0,00","0,00","0,00","0,00","0,00","0,00","0,00",NA,NA,NA
"30FB05",1,39,12,23,23,58,71,5,4,4,2,2,2,3,5,4,47,10,100,4,30,20,3,"1,00","0,00","0,00","1,00","0,00","1,00","1,00","4,00","1,00",NA,NA,6
"57EI17",2,19,NA,NA,NA,NA,NA,4,2,3,2,2,2,3,3,3,24,10,100,9,15,20,2,"0,00","0,00","0,00","0,00","0,00","1,00","0,00","1,00","0,00",NA,NA,NA
"86VG27",2,22,NA,NA,NA,NA,NA,NA,NA,NA,NA,NA,NA,NA,NA,NA,4,20,5,9,15,30,2,"0,00","0,00","1,00","0,00","0,00","0,00","0,00","1,00","1,00",NA,NA,NA
"37SF16",2,25,NA,NA,NA,NA,NA,NA,NA,NA,NA,NA,NA,NA,NA,NA,8,10,100,9,15,0,2,"0,00","0,00","0,00","0,00","0,00","0,00","0,00","0,00","1,00",NA,NA,NA
"62CC21",2,36,NA,NA,NA,NA,NA,NA,NA,NA,NA,NA,NA,NA,NA,NA,24,10,NA,NA,30,10,2,"0,00","0,00","0,00","0,00","0,00","0,00","0,00","0,00","0,00",NA,NA,NA
"02SF05",2,19,21,21,24,66,59,4,4,2,1,1,2,3,4,5,47,5,5,9,29,0,3,"1,00","1,00","1,00","0,00","1,00","0,00","1,00","5,00","0,00",NA,NA,6
"57NG07",2,19,NA,NA,NA,NA,NA,5,2,5,2,2,1,2,5,5,12,10,100,9,30,10,2,"0,00","0,00","0,00","0,00","0,00","0,00","0,00","0,00","1,00",NA,NA,NA
"88LF03",2,19,15,15,19,49,76,4,5,3,2,2,5,4,4,4,24,10,20,9,30,10,3,"0,00","0,00","0,00","0,00","0,00","0,00","1,00","1,00","2,00",NA,NA,7
"41BB29",2,18,NA,NA,NA,NA,NA,5,5,3,2,2,2,NA,5,5,47,5,500,4,15,10,3,"1,00","1,00","0,00","1,00","0,00","0,00","1,00","4,00","0,00",NA,NA,NA
"96ND08",1,20,NA,NA,NA,NA,NA,NA,NA,NA,NA,NA,NA,NA,NA,NA,24,10,100,9,15,10,2,"0,00","0,00","0,00","0,00","0,00","0,00","0,00","0,00","0,00",NA,NA,NA
"52GC18",2,18,NA,NA,NA,NA,NA,5,4,1,3,3,3,3,4,4,24,10,100,6,15,10,2,"0,00","0,00","0,00","0,00","0,00","0,00","0,00","0,00","0,00",NA,NA,NA
"97NG03",2,19,13,19,21,53,75,4,4,2,2,2,2,5,5,4,47,10,100,6,15,10,2,"1,00","0,00","0,00","0,00","0,00","0,00","0,00","1,00","0,00",NA,NA,5
"81LB04",2,20,NA,NA,NA,NA,NA,NA,NA,NA,NA,NA,NA,NA,NA,NA,24,10,100,9,15,10,2,"0,00","0,00","0,00","0,00","0,00","0,00","0,00","0,00","0,00",NA,NA,NA
"34DE05",2,18,NA,NA,NA,NA,NA,4,5,2,2,2,4,4,5,5,24,10,100,12,15,0,3,"0,00","0,00","0,00","0,00","0,00","0,00","1,00","1,00","0,00",NA,NA,NA
"46BB12",2,19,20,25,27,72,43,2,2,1,2,2,3,4,5,4,24,5,5,NA,30,10,2,"0,00","1,00","1,00","0,00","0,00","0,00","0,00","2,00","0,00",NA,NA,NA
"35PC31",1,19,23,25,22,70,68,4,4,4,2,1,4,4,5,5,24,10,100,4,30,20,3,"0,00","0,00","0,00","1,00","0,00","1,00","1,00","3,00","0,00",NA,NA,4
"77CF24",2,19,NA,NA,NA,NA,NA,5,5,2,2,2,3,4,5,5,24,10,100,12,NA,0,2,"0,00","0,00","0,00","0,00","0,00","0,00","0,00","0,00","1,00",NA,NA,NA
"10CD22",2,19,NA,NA,NA,NA,NA,5,5,3,3,3,2,2,5,5,24,10,100,9,30,20,2,"0,00","0,00","0,00","0,00","0,00","1,00","0,00","1,00","0,00",NA,NA,NA
"53GA02",2,19,NA,NA,NA,NA,NA,4,4,2,2,2,2,4,3,3,2,NA,NA,NA,NA,NA,NA,"0,00","0,00","0,00","0,00","0,00","0,00","0,00","0,00","0,00",NA,NA,NA
"23AD24",2,19,NA,NA,NA,NA,NA,4,4,3,2,2,3,2,5,4,24,10,100,4,NA,0,2,"0,00","0,00","0,00","1,00","0,00","0,00","0,00","1,00","0,00",NA,NA,NA
"52SD09",1,18,20,24,26,70,68,5,5,3,1,1,2,4,5,5,47,5,5,12,30,20,3,"1,00","1,00","1,00","0,00","0,00","1,00","1,00","5,00","0,00",NA,NA,6
"80EB23",2,18,NA,NA,NA,NA,NA,4,4,2,2,2,2,3,4,4,47,5,5,12,30,20,2,"1,00","1,00","1,00","0,00","0,00","1,00","0,00","4,00","0,00",NA,NA,NA
"30AF30",2,19,17,18,29,64,66,4,4,1,2,2,4,3,4,4,24,5,100,3,30,10,2,"0,00","1,00","0,00","0,00","0,00","0,00","0,00","1,00","",NA,NA,NA
"16CC22",2,19,NA,NA,NA,NA,NA,4,4,1,2,2,3,4,4,4,47,10,5,9,30,10,1,"1,00","0,00","1,00","0,00","0,00","0,00","0,00","2,00","0,00",NA,NA,NA
"60AF17",1,19,NA,NA,NA,NA,NA,5,4,4,2,2,3,3,5,4,47,10,5,9,30,10,3,"1,00","0,00","1,00","0,00","0,00","0,00","1,00","3,00","0,00",NA,NA,NA
"74VC02",2,20,NA,NA,NA,NA,NA,5,4,2,2,2,3,3,5,5,24,10,5,9,30,10,2,"0,00","0,00","1,00","0,00","0,00","0,00","0,00","1,00","0,00",NA,NA,NA
"19FI24",1,18,19,21,28,68,67,5,NA,3,2,1,3,3,5,5,47,5,5,4,29,20,3,"1,00","1,00","1,00","1,00","1,00","1,00","1,00","7,00","0,00",NA,NA,6
"88CD08",2,18,NA,NA,NA,NA,NA,5,4,4,2,2,3,2,5,5,47,5,100,9,15,10,2,"1,00","1,00","0,00","0,00","0,00","0,00","0,00","2,00","3,00",NA,NA,NA
"38UB19",2,19,17,19,28,64,52,4,5,1,2,2,2,4,5,5,24,NA,100,9,30,80,2,"0,00","0,00","0,00","0,00","0,00","0,00","0,00","0,00","0,00",NA,NA,5
"16LB16",2,21,NA,NA,NA,NA,NA,3,3,4,1,1,NA,4,3,2,47,5,NA,4,29,20,3,"1,00","1,00","0,00","1,00","1,00","1,00","1,00","6,00","0,00",NA,NA,NA
"96LG06",2,21,22,20,33,75,64,4,4,3,2,1,2,4,5,3,47,5,5,4,29,10,2,"1,00","1,00","1,00","1,00","1,00","0,00","0,00","5,00","0,00",NA,NA,NA
"87GG15",2,19,NA,NA,NA,NA,NA,4,4,1,1,1,3,3,4,5,47,10,100,6,15,20,2,"1,00","0,00","0,00","0,00","0,00","1,00","0,00","2,00","0,00",NA,NA,NA
"58IB05",2,20,36,20,21,77,83,5,5,1,2,2,4,4,5,5,47,10,100,12,1,20,2,"1,00","0,00","0,00","0,00","0,00","1,00","0,00","2,00","0,00",NA,NA,6
"42EB04",2,19,NA,NA,NA,NA,NA,4,4,3,2,2,2,3,4,4,24,NA,NA,NA,NA,10,3,"0,00","0,00","0,00","0,00","0,00","0,00","1,00","1,00","0,00",NA,NA,NA
"43SF19",2,18,NA,NA,NA,NA,NA,5,5,4,2,2,1,2,5,4,24,90,20,NA,NA,20,2,"0,00","0,00","0,00","0,00","0,00","1,00","0,00","1,00","0,00",NA,NA,NA
"15TG20",1,19,NA,NA,NA,NA,NA,5,4,1,2,2,3,5,5,5,47,5,5,4,29,20,3,"1,00","1,00","1,00","1,00","1,00","1,00","1,00","7,00","0,00",NA,NA,NA
"18GB21",2,19,18,18,16,52,70,5,4,5,3,3,1,5,5,5,47,5,100,9,29,20,2,"1,00","1,00","0,00","0,00","1,00","1,00","0,00","4,00","1,00",NA,NA,5
"19LD13",2,19,NA,NA,NA,NA,NA,NA,NA,NA,NA,NA,NA,NA,NA,NA,24,5,100,9,16,10,1,"0,00","1,00","0,00","0,00","0,00","0,00","0,00","1,00","1,00",NA,NA,NA
"95LC19",1,19,NA,NA,NA,NA,NA,5,4,1,3,3,1,5,5,5,24,5,100,4,30,10,3,"0,00","1,00","0,00","1,00","0,00","0,00","1,00","3,00","0,00",NA,NA,NA
"10EB27",2,19,NA,NA,NA,NA,NA,4,4,3,2,2,2,2,4,4,24,70,100,NA,NA,10,2,"0,00","0,00","0,00","0,00","0,00","0,00","0,00","0,00","1,00",NA,NA,NA
"46GF28",2,19,14,16,21,51,64,4,4,2,2,2,3,4,5,5,24,5,100,12,30,10,2,"0,00","1,00","0,00","0,00","0,00","0,00","0,00","1,00","1,00",NA,NA,6
"39GE01",1,20,NA,NA,NA,NA,NA,NA,NA,NA,NA,NA,NA,NA,NA,NA,36,5,5,4,15,20,3,"0,00","1,00","1,00","1,00","0,00","1,00","1,00","5,00","",NA,NA,NA
"36VC24",2,22,NA,NA,NA,NA,NA,NA,NA,NA,NA,NA,NA,NA,NA,NA,24,5,20,2,29,20,3,"0,00","1,00","0,00","0,00","1,00","1,00","1,00","4,00","",NA,NA,NA
"23VB11",2,18,18,19,21,58,75,4,5,4,2,1,2,2,5,5,1,10,20,12,30,20,NA,"0,00","0,00","0,00","0,00","0,00","1,00","0,00","1,00","",NA,NA,4
"60MC15",2,18,21,27,34,82,67,4,4,2,2,1,2,1,5,5,47,10,100,9,30,10,NA,"1,00","0,00","0,00","0,00","0,00","0,00","0,00","1,00","0,00",NA,NA,6
"77EA23",2,19,16,19,24,59,64,3,4,2,2,2,3,3,4,3,24,10,100,9,15,10,2,"0,00","0,00","0,00","0,00","0,00","0,00","0,00","0,00","0,00",NA,NA,NA
"69DA20",1,19,NA,NA,NA,NA,NA,4,4,3,2,2,2,4,3,3,NA,5,100,4,1,20,3,"0,00","1,00","0,00","1,00","0,00","1,00","1,00","4,00","",NA,NA,NA
"09AF21",2,18,NA,NA,NA,NA,NA,4,4,NA,2,2,2,4,4,3,24,5,100,12,30,0,2,"0,00","1,00","0,00","0,00","0,00","0,00","0,00","1,00","0,00",NA,NA,NA
"28SF10",2,19,NA,NA,NA,NA,NA,4,4,3,3,3,3,3,4,3,NA,5,NA,6,1,10,NA,"0,00","1,00","0,00","0,00","0,00","0,00","0,00","1,00","0,00",NA,NA,NA
"33MG22",2,19,NA,NA,NA,NA,NA,5,5,2,2,2,2,3,5,5,47,5,100,4,15,10,2,"1,00","1,00","0,00","1,00","0,00","0,00","0,00","3,00","1,00",NA,NA,NA
"22CC03",2,20,NA,NA,NA,NA,NA,5,5,2,2,2,1,3,5,5,47,5,100,4,15,10,3,"1,00","1,00","0,00","1,00","0,00","0,00","1,00","4,00","0,00",NA,NA,NA
"79CG15",2,21,NA,NA,NA,NA,NA,5,3,3,2,2,1,3,5,5,24,10,100,9,15,10,2,"0,00","0,00","0,00","0,00","0,00","0,00","0,00","0,00","0,00",NA,NA,NA
"65ME01",2,19,NA,NA,NA,NA,NA,5,5,5,3,3,1,3,5,4,47,10,100,12,30,10,3,"1,00","0,00","0,00","0,00","0,00","0,00","1,00","2,00","0,00",NA,NA,NA
"39IF20",2,20,NA,NA,NA,NA,NA,4,4,1,2,2,3,4,4,2,47,10,100,9,15,0,2,"1,00","0,00","0,00","0,00","0,00","0,00","0,00","1,00","0,00",NA,NA,NA
"88XB11",1,18,12,19,24,55,47,5,4,2,2,2,3,3,5,4,47,5,5,4,29,20,1,"1,00","1,00","1,00","1,00","1,00","1,00","0,00","6,00","0,00",NA,NA,NA
"54MB08",1,19,14,14,17,45,66,1,3,5,1,1,4,5,2,2,24,10,100,4,29,0,1,"0,00","0,00","0,00","1,00","1,00","0,00","0,00","2,00","1,00",NA,NA,3
"93EC14",2,19,NA,NA,NA,NA,NA,4,4,3,2,2,3,4,4,4,24,10,100,9,15,20,3,"0,00","0,00","0,00","0,00","0,00","1,00","1,00","2,00","0,00",NA,NA,NA
"58MJ10",2,19,NA,NA,NA,NA,NA,4,3,2,2,2,3,3,2,2,24,10,100,NA,15,20,2,"0,00","0,00","0,00","0,00","0,00","1,00","0,00","1,00","",NA,NA,NA
"33MB07",1,21,NA,NA,NA,NA,NA,4,4,4,3,3,1,4,4,3,47,5,100,9,15,10,3,"1,00","1,00","0,00","0,00","0,00","0,00","1,00","3,00","0,00",NA,NA,NA
"09MB16",1,22,16,22,20,58,83,5,4,4,1,1,3,4,5,4,47,5,5,4,NA,20,3,"1,00","1,00","1,00","1,00","0,00","1,00","1,00","6,00","1,00",NA,NA,7
"04IB25",2,19,NA,NA,NA,NA,NA,5,5,2,2,2,2,4,4,4,3,10,100,9,30,20,2,"0,00","0,00","0,00","0,00","0,00","1,00","0,00","1,00","0,00",NA,NA,NA
"92EA10",2,19,18,26,29,73,41,4,5,2,2,2,3,2,5,4,47,10,100,3,1,20,2,"1,00","0,00","0,00","0,00","0,00","1,00","0,00","2,00","0,00",NA,NA,NA
"09DE21",2,19,NA,NA,NA,NA,NA,5,5,2,2,2,2,2,4,4,24,10,100,9,30,20,2,"0,00","0,00","0,00","0,00","0,00","1,00","0,00","1,00","0,00",NA,NA,NA
"32EB17",1,19,NA,NA,NA,NA,NA,5,5,2,2,2,2,2,5,5,47,5,100,24,15,0,3,"1,00","1,00","0,00","0,00","0,00","0,00","1,00","3,00","0,00",NA,NA,NA
"63FB29",2,18,NA,NA,NA,NA,NA,5,3,5,2,2,1,4,5,4,47,10,100,9,30,20,2,"1,00","0,00","0,00","0,00","0,00","1,00","0,00","2,00","0,00",NA,NA,NA
"77DF10",2,19,NA,NA,NA,NA,NA,5,5,3,2,2,2,4,5,5,24,10,5,9,30,10,2,"0,00","0,00","1,00","0,00","0,00","0,00","0,00","1,00","",NA,NA,NA
"09MC08",2,19,NA,NA,NA,NA,NA,5,5,2,3,3,3,4,5,4,24,5,100,6,30,10,2,"0,00","1,00","0,00","0,00","0,00","0,00","0,00","1,00","0,00",NA,NA,NA
"47TB19",2,19,NA,NA,NA,NA,NA,5,5,5,2,2,2,4,5,4,24,10,5,9,30,80,1,"0,00","0,00","1,00","0,00","0,00","0,00","0,00","1,00","0,00",NA,NA,NA
"06RB22",2,19,NA,NA,NA,NA,NA,5,5,3,2,2,2,2,5,4,24,5,100,6,30,10,2,"0,00","1,00","0,00","0,00","0,00","0,00","0,00","1,00","0,00",NA,NA,NA
"48BB19",2,19,NA,NA,NA,NA,NA,4,5,3,2,2,2,3,4,3,24,5,100,6,15,10,2,"0,00","1,00","0,00","0,00","0,00","0,00","0,00","1,00","0,00",NA,NA,NA
"93OH25",2,19,NA,NA,NA,NA,NA,4,4,4,3,3,4,2,5,4,24,5,100,24,1,20,2,"0,00","1,00","0,00","0,00","0,00","1,00","0,00","2,00","",NA,NA,NA
"71LP05",1,20,NA,NA,NA,NA,NA,5,2,4,2,2,4,3,5,5,47,10,5,2,1,0,3,"1,00","0,00","1,00","0,00","0,00","0,00","1,00","3,00","2,00",NA,NA,NA
"11SG16",2,19,NA,NA,NA,NA,NA,NA,NA,NA,NA,NA,NA,NA,NA,NA,47,5,100,12,NA,20,2,"1,00","1,00","0,00","0,00","0,00","1,00","0,00","3,00","0,00",NA,NA,NA
"82SG13",2,19,14,16,22,52,46,5,5,3,2,2,2,4,5,5,47,10,20,6,NA,NA,NA,"1,00","0,00","0,00","0,00","0,00","0,00","0,00","1,00","1,00",NA,NA,NA
"00CG04",2,19,NA,NA,NA,NA,NA,4,4,3,3,3,3,4,5,5,24,10,100,6,15,20,2,"0,00","0,00","0,00","0,00","0,00","1,00","0,00","1,00","0,00",NA,NA,NA
"88EG21",2,20,NA,NA,NA,NA,NA,4,4,2,2,1,2,1,4,2,47,105,100,4,29,20,2,"1,00","0,00","0,00","1,00","1,00","1,00","0,00","4,00","0,00",NA,NA,NA
"61SC03",2,19,21,16,17,54,64,4,4,3,2,2,3,4,5,5,40,1,500,9,30,10,NA,"0,00","0,00","0,00","0,00","0,00","0,00","0,00","0,00","0,00",NA,NA,NA
"23AC28",1,19,19,26,26,71,68,5,5,4,2,2,2,2,5,5,32,5,5,NA,15,20,2,"0,00","1,00","1,00","0,00","0,00","1,00","0,00","3,00","0,00",NA,NA,3
"62EB28",2,18,NA,NA,NA,NA,NA,5,4,4,2,2,2,NA,5,5,47,5,100,9,30,10,2,"1,00","1,00","0,00","0,00","0,00","0,00","0,00","2,00","2,00",NA,NA,NA
"37LC17",2,19,NA,NA,NA,NA,NA,4,5,3,1,1,2,2,5,5,24,5,100,4,29,20,3,"0,00","1,00","0,00","1,00","1,00","1,00","1,00","5,00","0,00",NA,NA,NA
"69DG14",2,20,NA,NA,NA,NA,NA,4,4,1,3,3,4,4,4,4,24,10,100,12,30,20,2,"0,00","0,00","0,00","0,00","0,00","1,00","0,00","1,00","",NA,NA,NA
"71LB11",2,19,NA,NA,NA,NA,NA,NA,NA,NA,NA,NA,NA,NA,NA,NA,47,5,100,9,29,20,NA,"1,00","1,00","0,00","0,00","1,00","1,00","0,00","4,00","0,00",NA,NA,NA
"27TG15",2,20,NA,NA,NA,NA,NA,NA,NA,NA,NA,NA,NA,NA,NA,NA,47,5,100,NA,29,20,NA,"1,00","1,00","0,00","0,00","1,00","1,00","0,00","4,00","0,00",NA,NA,NA
"41AE24",2,18,NA,NA,NA,NA,NA,NA,NA,NA,NA,NA,NA,NA,NA,NA,47,5,100,9,29,20,3,"1,00","1,00","0,00","0,00","1,00","1,00","1,00","5,00","0,00",NA,NA,NA
"14RC22",2,19,16,22,27,65,67,5,5,3,2,2,2,4,5,5,47,5,5,12,30,0,3,"1,00","1,00","1,00","0,00","0,00","0,00","1,00","4,00","",NA,NA,NA
"35IG25",2,19,NA,NA,NA,NA,NA,4,4,2,3,3,1,1,4,3,23,5,5,12,15,20,2,"0,00","1,00","1,00","0,00","0,00","1,00","0,00","3,00","0,00",NA,NA,NA
"95FD14",2,19,NA,NA,NA,NA,NA,4,4,1,2,1,2,3,5,4,1,10,5,4,30,20,3,"0,00","0,00","1,00","1,00","0,00","1,00","1,00","4,00","0,00",NA,NA,NA
"02LB31",2,19,NA,NA,NA,NA,NA,4,4,2,3,3,NA,3,4,3,NA,NA,100,NA,NA,10,2,"0,00","0,00","0,00","0,00","0,00","0,00","0,00","0,00","0,00",NA,NA,NA
"36MB12",2,19,NA,NA,NA,NA,NA,4,4,3,2,2,2,4,4,4,NA,10,100,5,15,10,2,"0,00","0,00","0,00","0,00","0,00","0,00","0,00","0,00","0,00",NA,NA,NA
"59VG25",2,19,16,18,24,58,64,5,4,2,2,2,3,4,3,4,3,20,100,12,30,20,2,"0,00","0,00","0,00","0,00","0,00","1,00","0,00","1,00","0,00",NA,NA,NA
"30GF25",1,21,NA,NA,NA,NA,NA,4,1,1,2,2,5,4,2,5,47,5,100,9,30,20,3,"1,00","1,00","0,00","0,00","0,00","1,00","1,00","4,00","",NA,NA,NA
"64AC09",2,18,NA,NA,NA,NA,NA,4,2,3,3,3,NA,NA,3,2,47,NA,100,NA,15,NA,2,"1,00","0,00","0,00","0,00","0,00","0,00","0,00","1,00","0,00",NA,NA,NA
"00CC13",2,19,NA,NA,NA,NA,NA,4,4,3,2,2,1,4,4,4,24,10,100,2,30,10,2,"0,00","0,00","0,00","0,00","0,00","0,00","0,00","0,00","0,00",NA,NA,NA
"65EC03",2,19,NA,NA,NA,NA,NA,5,5,2,2,2,3,3,5,5,NA,5,5,9,29,20,2,"0,00","1,00","1,00","0,00","1,00","1,00","0,00","4,00","",NA,NA,NA
"95AE06",1,20,NA,NA,NA,NA,NA,5,5,3,2,2,3,4,5,5,47,10,100,12,30,20,2,"1,00","0,00","0,00","0,00","0,00","1,00","0,00","2,00","0,00",NA,NA,NA
"34FF26",2,19,16,19,25,60,44,4,5,5,2,2,2,3,5,NA,47,10,100,NA,30,10,2,"1,00","0,00","0,00","0,00","0,00","0,00","0,00","1,00","1,00",NA,NA,3
"21SG02",2,19,NA,NA,NA,NA,NA,3,4,3,2,2,3,4,3,3,24,10,5,12,30,10,2,"0,00","0,00","1,00","0,00","0,00","0,00","0,00","1,00","0,00",NA,NA,NA
"35NF13",2,19,14,16,25,55,58,5,4,1,2,2,2,3,4,4,24,5,100,9,15,0,2,"0,00","1,00","0,00","0,00","0,00","0,00","0,00","1,00","0,00",NA,NA,6
"29FF05",2,19,NA,NA,NA,NA,NA,3,3,3,2,2,1,3,5,5,12,10,100,6,15,30,1,"0,00","0,00","0,00","0,00","0,00","0,00","0,00","0,00","0,00",NA,NA,NA
"73GG07",2,19,NA,NA,NA,NA,NA,3,4,3,3,3,1,1,5,3,24,10,100,12,15,20,2,"0,00","0,00","0,00","0,00","0,00","1,00","0,00","1,00","0,00",NA,NA,NA
"31AA19",2,19,22,25,32,79,49,4,3,1,2,2,3,4,4,4,47,10,100,4,15,20,3,"1,00","0,00","0,00","1,00","0,00","1,00","1,00","4,00","0,00",NA,NA,NA
"19CL12",2,18,NA,NA,NA,NA,NA,4,4,3,2,2,2,4,4,4,NA,10,100,12,15,100,NA,"0,00","0,00","0,00","0,00","0,00","0,00","0,00","0,00","",NA,NA,NA
"83GG02",2,19,NA,NA,NA,NA,NA,4,2,4,3,3,1,3,5,5,47,10,100,12,15,10,2,"1,00","0,00","0,00","0,00","0,00","0,00","0,00","1,00","1,00",NA,NA,NA
"48LG13",1,19,12,17,16,45,79,3,2,5,2,2,3,4,5,4,47,5,5,4,1,20,1,"1,00","1,00","1,00","1,00","0,00","1,00","0,00","5,00","0,00",NA,NA,NA
"87LB30",2,20,NA,NA,NA,NA,NA,4,4,3,3,3,1,2,4,2,24,5,100,3,15,10,2,"0,00","1,00","0,00","0,00","0,00","0,00","0,00","1,00","0,00",NA,NA,NA
"84AF15",1,27,14,17,16,47,82,5,5,2,3,3,1,2,5,5,47,10,100,3,15,10,1,"1,00","0,00","0,00","0,00","0,00","0,00","0,00","1,00","1,00",NA,NA,6
"61JA14",1,19,NA,NA,NA,NA,NA,4,4,2,2,1,2,4,4,4,47,5,5,6,15,20,2,"1,00","1,00","1,00","0,00","0,00","1,00","0,00","4,00","0,00",NA,NA,NA
"79PC30",1,19,NA,NA,NA,NA,NA,4,5,3,2,2,3,4,5,5,47,5,5,12,30,0,3,"1,00","1,00","1,00","0,00","0,00","0,00","1,00","4,00","0,00",NA,NA,NA
"13VB09",2,20,19,31,33,83,71,4,4,1,2,2,3,3,4,4,24,10,100,9,15,20,1,"0,00","0,00","0,00","0,00","0,00","1,00","0,00","1,00","",NA,NA,NA
"20SB02",2,19,17,24,28,69,77,3,1,2,2,2,3,4,5,4,47,5,5,5,15,20,2,"1,00","1,00","1,00","0,00","0,00","1,00","0,00","4,00","0,00",NA,NA,7
"76NO14",1,22,NA,NA,NA,NA,NA,5,5,3,2,2,2,4,5,5,47,5,5,4,15,20,3,"1,00","1,00","1,00","1,00","0,00","1,00","1,00","6,00","",NA,NA,NA
"14FV19",1,19,26,23,34,83,51,4,4,3,2,2,3,4,4,3,47,5,100,9,30,10,3,"1,00","1,00","0,00","0,00","0,00","0,00","1,00","3,00","0,00",NA,NA,NA
"84GT10",2,19,NA,NA,NA,NA,NA,4,5,3,2,2,2,2,5,4,24,10,100,6,1,10,2,"0,00","0,00","0,00","0,00","0,00","0,00","0,00","0,00","0,00",6,4,NA
"31EO08",2,19,NA,NA,NA,NA,NA,3,4,1,2,2,5,3,5,2,24,10,100,6,1,10,2,"0,00","0,00","0,00","0,00","0,00","0,00","0,00","0,00","0,00",NA,NA,NA
"75PT30",1,18,NA,NA,NA,NA,NA,5,4,3,1,1,3,3,4,4,47,5,5,4,30,0,3,"1,00","1,00","1,00","1,00","0,00","0,00","1,00","5,00","0,00",8,8,6
"31NM31",2,19,14,20,22,56,72,5,5,3,2,2,2,2,5,4,47,5,100,9,30,10,1,"1,00","1,00","0,00","0,00","0,00","0,00","0,00","2,00","0,00",NA,NA,3
"93CR17",2,19,18,23,25,66,51,5,5,3,2,2,3,4,5,5,47,5,5,6,29,20,2,"1,00","1,00","1,00","0,00","1,00","1,00","0,00","5,00","0,00",9,6,NA
"94IR26",2,19,16,17,20,53,74,5,5,2,2,2,2,4,5,5,47,5,20,12,29,20,2,"1,00","1,00","0,00","0,00","1,00","1,00","0,00","4,00","0,00",6,5,5
"00SL29",2,19,NA,NA,NA,NA,NA,NA,NA,NA,NA,NA,NA,NA,NA,NA,24,10,100,6,15,0,2,"0,00","0,00","0,00","0,00","0,00","0,00","0,00","0,00","",NA,NA,NA
"02EP08",2,19,25,28,26,69,60,4,5,3,2,1,2,4,5,5,47,10,20,4,29,0,3,"1,00","0,00","0,00","1,00","1,00","0,00","1,00","4,00","0,00",NA,NA,6
"83GP29",2,18,16,19,30,65,52,4,4,1,2,2,1,4,4,3,47,5,100,9,29,20,2,"1,00","1,00","0,00","0,00","1,00","1,00","0,00","4,00","0,00",7,6,7
"04CR25",2,24,NA,NA,NA,NA,NA,3,3,2,1,1,1,3,3,2,47,5,5,4,NA,20,NA,"1,00","1,00","1,00","1,00","0,00","1,00","0,00","5,00","0,00",NA,NA,NA
"70MM15",1,19,21,20,21,62,68,5,5,3,2,1,2,4,4,5,47,5,5,4,29,20,3,"1,00","1,00","1,00","1,00","1,00","1,00","1,00","7,00","1,00",NA,NA,7
"97LV04",2,19,15,23,26,64,64,5,5,5,2,2,2,3,5,5,47,10,5,12,15,10,2,"1,00","0,00","1,00","0,00","0,00","0,00","0,00","2,00","",6,6,4
"51AS20",2,18,13,17,22,52,45,4,5,2,1,1,1,5,3,3,47,10,5,4,29,20,3,"1,00","0,00","1,00","1,00","1,00","1,00","1,00","6,00","1,00",NA,NA,5
"65VV11",2,23,14,18,19,51,73,4,4,3,1,1,2,4,5,4,47,5,20,4,29,20,3,"1,00","1,00","0,00","1,00","1,00","1,00","1,00","6,00","",7,5,NA
"32CP18",2,19,NA,NA,NA,NA,NA,4,4,2,3,3,3,3,4,4,47,10,NA,9,29,20,NA,"1,00","0,00","0,00","0,00","1,00","1,00","0,00","3,00","0,00",NA,NA,NA
"17DP05",2,19,16,24,30,70,54,5,5,5,2,2,3,1,5,5,24,10,500,4,15,20,3,"0,00","0,00","0,00","1,00","0,00","1,00","1,00","3,00","0,00",6,4,7
"53CR15",2,18,18,17,20,55,75,4,4,3,2,1,2,2,4,3,4,5,100,1,29,NA,3,"0,00","1,00","0,00","0,00","1,00","0,00","1,00","3,00","",7,4,6
"21CP07",2,18,19,19,21,59,60,4,4,2,2,2,2,3,3,3,47,5,100,12,30,10,3,"1,00","1,00","0,00","0,00","0,00","0,00","1,00","3,00","0,00",NA,NA,7
"93GR22",2,19,14,15,20,49,69,4,4,1,2,2,4,3,4,3,12,5,100,2,5,20,3,"0,00","1,00","0,00","0,00","0,00","1,00","1,00","3,00","0,00",7,4,7
"95MP28",2,18,21,20,32,73,59,3,3,4,2,2,3,4,3,3,47,10,5,4,30,20,2,"1,00","0,00","1,00","1,00","0,00","1,00","0,00","4,00","1,00",NA,NA,6
"66BT02",2,19,23,21,21,65,67,4,5,3,2,1,NA,4,5,4,47,5,5,4,29,0,3,"1,00","1,00","1,00","1,00","1,00","0,00","1,00","6,00","0,00",8,7,7
"14BT16",2,18,14,20,24,58,67,5,5,2,2,2,2,4,5,5,12,10,100,9,1,10,2,"0,00","0,00","0,00","0,00","0,00","0,00","0,00","0,00","0,00",6,6,NA
"16LT14",1,19,NA,NA,NA,NA,NA,NA,NA,NA,NA,NA,NA,NA,NA,NA,12,5,5,9,29,10,3,"0,00","1,00","1,00","0,00","1,00","0,00","1,00","4,00","1,00",NA,NA,NA
"41SM09",2,19,16,24,26,66,62,5,5,4,2,2,3,3,5,5,47,10,5,9,29,20,2,"1,00","0,00","1,00","0,00","1,00","1,00","0,00","4,00","0,00",NA,NA,NA
"83MR20",1,21,NA,NA,NA,NA,NA,5,5,1,1,1,2,3,5,5,47,5,500,11,29,20,3,"1,00","1,00","0,00","0,00","1,00","1,00","1,00","5,00","0,00",NA,NA,NA
"26GV10",1,20,NA,NA,NA,NA,NA,5,5,3,2,2,2,3,4,4,47,5,5,12,15,10,2,"1,00","1,00","1,00","0,00","0,00","0,00","0,00","3,00","0,00",8,7,6
"16AP06",2,20,22,18,29,69,49,4,5,1,2,2,3,4,5,5,12,5,5,6,1,20,2,"0,00","1,00","1,00","0,00","0,00","1,00","0,00","3,00","0,00",6,5,7
"16AB04",2,18,NA,NA,NA,NA,NA,NA,NA,NA,NA,NA,NA,NA,NA,NA,12,10,100,2,15,10,NA,"0,00","0,00","0,00","0,00","0,00","0,00","0,00","0,00","0,00",NA,NA,NA
"91GM12",1,20,NA,NA,NA,NA,NA,5,5,4,2,2,2,4,5,5,47,5,5,9,15,0,3,"1,00","1,00","1,00","0,00","0,00","0,00","1,00","4,00","0,00",NA,NA,5
"50AL11",2,19,16,20,26,62,67,4,4,1,2,2,2,3,4,3,12,5,100,9,15,0,3,"0,00","1,00","0,00","0,00","0,00","0,00","1,00","2,00","0,00",NA,NA,6
"08MR22",2,20,16,18,23,57,69,4,4,3,2,1,3,4,5,5,47,10,100,4,30,20,3,"1,00","0,00","0,00","1,00","0,00","1,00","1,00","4,00","1,00",NA,NA,NA
"36ER25",2,20,18,19,20,57,60,NA,3,1,3,3,NA,3,3,4,NA,5,100,NA,15,20,NA,"0,00","1,00","0,00","0,00","0,00","1,00","0,00","2,00","1,00",NA,NA,NA
"04FP17",2,19,NA,NA,NA,NA,NA,5,5,3,2,2,2,2,5,5,47,5,100,4,15,0,3,"1,00","1,00","0,00","1,00","0,00","0,00","1,00","4,00","",NA,NA,NA
"49CR13",2,20,15,17,20,52,63,4,4,1,2,2,2,4,5,5,24,10,100,0,15,20,2,"0,00","0,00","0,00","0,00","0,00","1,00","0,00","1,00","1,00",NA,NA,NA
"89EP16",2,20,NA,NA,NA,NA,NA,5,3,4,2,2,3,4,5,4,24,5,100,4,30,10,1,"0,00","1,00","0,00","1,00","0,00","0,00","0,00","2,00","1,00",NA,NA,NA
"89NT09",2,19,17,24,25,66,65,5,4,2,2,2,2,2,5,5,47,5,100,6,30,30,2,"1,00","1,00","0,00","0,00","0,00","0,00","0,00","2,00","0,00",NA,NA,NA
"94MV15",1,20,18,19,31,68,67,5,5,1,1,1,2,3,5,4,47,5,5,4,29,20,3,"1,00","1,00","1,00","1,00","1,00","1,00","1,00","7,00","0,00",NA,NA,4
"66VR26",2,19,12,14,16,42,80,4,4,5,2,2,1,3,3,4,47,10,100,3,15,10,2,"1,00","0,00","0,00","0,00","0,00","0,00","0,00","1,00","0,00",6,4,NA
"65CO11",2,20,16,17,20,53,58,NA,NA,NA,NA,NA,NA,NA,NA,NA,47,NA,100,12,30,20,3,"1,00","0,00","0,00","0,00","0,00","1,00","1,00","3,00","0,00",NA,NA,5
"34SM05",2,20,NA,NA,NA,NA,NA,3,4,3,2,2,2,4,3,3,1,5,1,3,1,20,3,"0,00","1,00","0,00","0,00","0,00","1,00","1,00","3,00","0,00",NA,NA,NA
"88FT05",1,20,NA,NA,NA,NA,NA,NA,NA,NA,NA,NA,NA,NA,NA,NA,24,5,500,3,15,10,2,"0,00","1,00","0,00","0,00","0,00","0,00","0,00","1,00","0,00",NA,NA,NA
"30SP30",2,20,12,16,25,53,59,4,4,1,2,2,1,3,4,3,47,10,100,6,NA,20,2,"1,00","0,00","0,00","0,00","0,00","1,00","0,00","2,00","0,00",6,5,NA
"87MP28",1,19,16,20,29,65,73,4,4,NA,2,2,1,2,5,5,24,10,NA,9,15,0,2,"0,00","0,00","0,00","0,00","0,00","0,00","0,00","0,00","",NA,NA,NA
"04LT21",2,19,15,17,28,60,52,4,5,2,1,1,2,3,5,3,47,5,5,6,29,20,3,"1,00","1,00","1,00","0,00","1,00","1,00","1,00","6,00","0,00",6,5,NA
"60MR08",2,19,NA,NA,NA,NA,NA,4,5,1,2,2,2,3,5,5,24,10,100,9,NA,20,3,"0,00","0,00","0,00","0,00","0,00","1,00","1,00","2,00","0,00",NA,NA,NA
"58SL13",2,19,15,16,25,56,72,4,4,3,2,2,2,4,5,4,4,10,100,12,1,0,1,"0,00","0,00","0,00","0,00","0,00","0,00","0,00","0,00","1,00",NA,NA,NA
"95ML13",1,19,NA,NA,NA,NA,NA,5,5,1,3,3,1,4,5,5,24,10,100,6,30,10,2,"0,00","0,00","0,00","0,00","0,00","0,00","0,00","0,00","",NA,NA,6
"27RL07",2,19,NA,NA,NA,NA,NA,5,5,3,2,2,2,2,5,5,24,10,NA,NA,15,10,2,"0,00","0,00","0,00","0,00","0,00","0,00","0,00","0,00","0,00",NA,NA,NA
"38SP11",2,19,NA,NA,NA,NA,NA,5,5,5,2,2,3,5,5,5,47,10,5,11,29,10,2,"1,00","0,00","1,00","0,00","1,00","0,00","0,00","3,00","2,00",NA,NA,5
"95EZ15",1,22,18,24,18,60,83,4,4,1,2,2,4,3,5,5,47,10,5,12,15,30,3,"1,00","0,00","1,00","0,00","0,00","0,00","1,00","3,00","1,00",6,4,6
"13LM12",1,22,26,21,24,71,69,3,3,4,1,1,3,2,4,4,24,105,5,4,29,20,3,"0,00","0,00","1,00","1,00","1,00","1,00","1,00","5,00","",NA,NA,6
"58RP25",2,18,NA,NA,NA,NA,NA,4,5,3,2,2,3,5,5,5,24,10,5,9,16,20,2,"0,00","0,00","1,00","0,00","0,00","1,00","0,00","2,00","0,00",NA,NA,NA
"78MP26",1,19,17,15,17,49,75,5,4,3,2,1,3,4,5,4,47,10,100,4,15,0,3,"1,00","0,00","0,00","1,00","0,00","0,00","1,00","3,00","1,00",6,6,3
"39CT20",2,19,16,15,22,63,80,4,5,4,2,1,2,2,5,5,24,5,100,4,30,20,2,"0,00","1,00","0,00","1,00","0,00","1,00","0,00","3,00","0,00",NA,NA,6
"29SM06",2,20,16,19,25,60,71,5,4,4,2,2,2,3,5,5,24,10,5,9,30,20,3,"0,00","0,00","1,00","0,00","0,00","1,00","1,00","3,00","",NA,NA,6
"34GP27",1,19,NA,NA,NA,NA,NA,5,4,4,1,1,2,4,5,5,47,10,5,9,29,20,3,"1,00","0,00","1,00","0,00","1,00","1,00","1,00","5,00","2,00",NA,NA,6
"61CM28",2,19,17,16,21,54,78,4,4,4,3,3,2,2,5,4,24,10,100,9,1,10,2,"0,00","0,00","0,00","0,00","0,00","0,00","0,00","0,00","0,00",NA,NA,6
"02EM10",2,18,15,21,19,55,72,3,4,2,2,2,3,4,4,3,20,10,100,9,30,10,2,"0,00","0,00","0,00","0,00","0,00","0,00","0,00","0,00","0,00",NA,NA,4
"21ES18",1,20,NA,NA,NA,NA,NA,4,4,2,1,1,3,2,4,4,47,5,5,24,29,10,3,"1,00","1,00","1,00","0,00","1,00","0,00","1,00","5,00","0,00",NA,NA,6
"35BS12",2,19,NA,NA,NA,NA,NA,5,5,1,3,3,NA,2,5,5,24,10,100,NA,15,10,2,"0,00","0,00","0,00","0,00","0,00","0,00","0,00","0,00","0,00",NA,NA,NA
"69SS30",1,23,NA,NA,NA,NA,NA,5,5,2,2,2,3,4,4,4,47,5,100,NA,30,20,NA,"1,00","1,00","0,00","0,00","0,00","1,00","0,00","3,00","",NA,NA,5
"04NS03",2,19,NA,NA,NA,NA,NA,5,5,1,2,2,3,2,5,5,24,10,100,2,1,10,3,"0,00","0,00","0,00","0,00","0,00","0,00","1,00","1,00","",NA,NA,7
"95LS24",1,22,15,19,20,54,76,5,5,4,2,2,2,2,5,5,24,5,5,24,30,0,2,"0,00","1,00","1,00","0,00","0,00","0,00","0,00","2,00","0,00",6,6,6
"62LM28",2,22,16,23,27,66,60,5,5,5,2,2,4,3,5,5,47,10,5,9,1,10,2,"1,00","0,00","1,00","0,00","0,00","0,00","0,00","2,00","",NA,NA,NA
"37DR11",2,20,NA,NA,NA,NA,NA,4,3,3,1,1,2,3,3,3,47,5,100,4,29,20,3,"1,00","1,00","0,00","1,00","1,00","1,00","1,00","6,00","1,00",8,6,7
"52SP28",2,21,14,13,18,45,73,5,4,3,2,2,3,4,5,5,24,10,100,9,15,20,2,"0,00","0,00","0,00","0,00","0,00","1,00","0,00","1,00","0,00",6,7,NA
"08MS24",2,20,12,16,23,51,70,5,5,2,2,2,3,5,5,5,24,10,100,9,15,10,3,"0,00","0,00","0,00","0,00","0,00","0,00","1,00","1,00","0,00",NA,NA,5
"43CP19",2,19,NA,NA,NA,NA,NA,3,5,2,2,2,3,3,3,3,24,10,20,72,1,10,1,"0,00","0,00","0,00","0,00","0,00","0,00","0,00","0,00","0,00",5,5,7
"33MN25",1,19,NA,NA,NA,NA,NA,4,1,1,3,3,5,2,5,5,47,5,5,4,30,20,3,"1,00","1,00","1,00","1,00","0,00","1,00","1,00","6,00","",9,8,NA
"98IN03",2,19,NA,NA,NA,NA,NA,3,4,1,2,2,3,2,4,3,24,10,100,3,15,20,3,"0,00","0,00","0,00","0,00","0,00","1,00","1,00","2,00","",NA,NA,NA
"52AM23",2,19,NA,NA,NA,NA,NA,4,5,3,2,2,2,2,5,3,24,12,100,9,30,10,2,"0,00","0,00","0,00","0,00","0,00","0,00","0,00","0,00","0,00",NA,NA,NA
"38IP04",2,19,NA,NA,NA,NA,NA,4,3,2,2,2,NA,4,3,3,24,10,100,9,15,20,2,"0,00","0,00","0,00","0,00","0,00","1,00","0,00","1,00","0,00",NA,NA,NA
"08AZ09",1,19,24,24,31,79,54,3,4,4,1,1,5,5,5,3,47,5,100,9,29,NA,3,"1,00","1,00","0,00","0,00","1,00","0,00","1,00","4,00","0,00",NA,NA,NA
"30AP09",2,19,17,12,13,42,79,5,5,1,1,1,2,3,5,5,47,5,5,4,29,20,2,"1,00","1,00","1,00","1,00","1,00","1,00","0,00","6,00","2,00",6,8,6
"36MP10",2,18,18,22,29,69,45,3,3,1,2,2,5,3,4,4,24,10,100,9,15,0,2,"0,00","0,00","0,00","0,00","0,00","0,00","0,00","0,00","0,00",NA,NA,5
"91IP16",2,21,11,15,20,46,84,5,5,5,2,2,2,3,5,5,24,10,100,NA,15,10,2,"0,00","0,00","0,00","0,00","0,00","0,00","0,00","0,00","0,00",NA,NA,5
"08FP13",2,19,14,20,29,63,67,4,5,1,2,2,3,1,5,4,24,10,100,9,30,10,2,"0,00","0,00","0,00","0,00","0,00","0,00","0,00","0,00","0,00",NA,NA,4
"68PT15",1,21,NA,NA,NA,NA,NA,3,4,2,3,3,4,4,5,3,24,100,25,6,1,20,2,"0,00","0,00","0,00","0,00","0,00","1,00","0,00","1,00","0,00",NA,NA,NA
"63AP11",2,18,NA,NA,NA,NA,NA,NA,NA,NA,NA,NA,NA,NA,NA,NA,24,NA,5,6,15,0,2,"0,00","0,00","1,00","0,00","0,00","0,00","0,00","1,00","0,00",NA,NA,NA
"91CL21",2,19,NA,NA,NA,NA,NA,NA,NA,NA,NA,NA,NA,NA,NA,NA,24,5,NA,6,30,0,1,"0,00","1,00","0,00","0,00","0,00","0,00","0,00","1,00","0,00",NA,NA,NA
"18CM21",2,20,14,17,29,60,48,3,4,2,2,2,3,4,4,3,24,10,100,12,45,0,2,"0,00","0,00","0,00","0,00","0,00","0,00","0,00","0,00","",5,4,5
"03VP10",2,19,17,22,30,69,65,NA,NA,NA,NA,NA,NA,NA,NA,NA,47,10,100,4,30,10,2,"1,00","0,00","0,00","1,00","0,00","0,00","0,00","2,00","0,00",NA,NA,NA
"45GS30",2,19,15,26,35,76,42,NA,NA,NA,NA,NA,NA,NA,NA,NA,47,10,10,3,29,10,1,"1,00","0,00","0,00","0,00","1,00","0,00","0,00","2,00","0,00",NA,NA,NA
"35CN03",2,19,13,15,23,51,63,5,4,2,3,3,4,3,5,2,NA,NA,NA,12,NA,0,2,"0,00","0,00","0,00","0,00","0,00","0,00","0,00","0,00","1,00",NA,NA,2
"69TP02",1,20,17,19,23,59,60,4,4,3,1,1,2,4,4,5,24,10,5,12,30,20,2,"0,00","0,00","1,00","0,00","0,00","1,00","0,00","2,00","1,00",NA,NA,6
"58VP23",2,19,25,20,34,79,72,4,3,3,3,3,NA,4,4,3,24,10,100,12,15,10,3,"0,00","0,00","0,00","0,00","0,00","0,00","1,00","1,00","0,00",6,5,NA
"26EP27",2,19,NA,NA,NA,NA,NA,3,4,4,1,1,3,4,3,2,47,5,100,4,29,0,3,"1,00","1,00","0,00","1,00","1,00","0,00","1,00","5,00","1,00",8,4,NA
"59MM17",2,19,15,26,32,73,70,5,5,4,2,2,2,2,5,4,12,5,5,6,15,20,1,"0,00","1,00","1,00","0,00","0,00","1,00","0,00","3,00","",8,7,6
"91SN07",2,18,14,17,18,49,67,3,3,2,3,3,3,4,4,2,24,10,100,12,15,80,2,"0,00","0,00","0,00","0,00","0,00","0,00","0,00","0,00","0,00",NA,NA,5
"44LL01",2,27,NA,NA,NA,NA,NA,4,4,2,2,2,2,4,4,4,24,10,100,6,15,10,2,"0,00","0,00","0,00","0,00","0,00","0,00","0,00","0,00","0,00",NA,NA,5
"64NN14",2,19,NA,NA,NA,NA,NA,3,4,1,2,2,3,2,4,3,24,10,100,12,30,10,2,"0,00","0,00","0,00","0,00","0,00","0,00","0,00","0,00","0,00",NA,NA,6
"66AN21",2,19,NA,NA,NA,NA,NA,5,3,4,1,1,2,2,5,5,47,5,5,4,29,0,3,"1,00","1,00","1,00","1,00","1,00","0,00","1,00","6,00","",NA,NA,NA
"16MM05",2,20,NA,NA,NA,NA,NA,4,5,1,3,3,3,3,5,5,24,10,100,6,30,20,2,"0,00","0,00","0,00","0,00","0,00","1,00","0,00","1,00","0,00",NA,NA,NA
"53MP01",2,19,12,17,20,49,71,5,5,3,2,2,2,NA,5,5,24,10,100,NA,15,10,3,"0,00","0,00","0,00","0,00","0,00","0,00","1,00","1,00","0,00",NA,NA,3
"63EM30",2,20,NA,NA,NA,NA,NA,4,4,3,2,2,2,3,4,4,24,5,100,4,30,20,3,"0,00","1,00","0,00","1,00","0,00","1,00","1,00","4,00","0,00",NA,NA,NA
"66GM27",2,20,13,20,26,59,67,5,5,3,2,2,1,3,5,5,47,10,100,4,30,0,2,"1,00","0,00","0,00","1,00","0,00","0,00","0,00","2,00","0,00",5,5,5
"33AS09",2,21,16,19,26,61,64,5,5,5,1,1,2,4,5,5,47,5,5,4,30,20,3,"1,00","1,00","1,00","1,00","0,00","1,00","1,00","6,00","1,00",7,5,6
"60LP22",1,20,21,18,24,63,63,4,4,2,2,2,1,4,5,3,24,5,5,9,30,0,3,"0,00","1,00","1,00","0,00","0,00","0,00","1,00","3,00","0,00",7,5,5
"93ES15",2,20,15,16,27,58,63,NA,NA,NA,NA,NA,NA,NA,NA,NA,24,5,5,12,1,20,1,"0,00","1,00","1,00","0,00","0,00","1,00","0,00","3,00","0,00",NA,NA,NA
"13MS25",2,21,NA,NA,NA,NA,NA,5,4,4,3,3,1,4,5,5,47,5,5,4,30,20,3,"1,00","1,00","1,00","1,00","0,00","1,00","1,00","6,00","0,00",NA,NA,NA
"10AM01",2,20,NA,NA,NA,NA,NA,4,4,2,3,3,NA,1,4,NA,47,5,5,4,30,20,3,"1,00","1,00","1,00","1,00","0,00","1,00","1,00","6,00","0,00",NA,NA,NA
"22ML14",1,46,14,16,21,51,71,4,4,NA,2,2,2,4,5,4,24,5,100,9,30,10,3,"0,00","1,00","0,00","0,00","0,00","0,00","1,00","2,00","0,00",NA,NA,4
"29LV17",2,19,18,19,27,64,65,3,4,3,2,2,2,4,4,3,4,5,20,9,1,10,2,"0,00","1,00","0,00","0,00","0,00","0,00","0,00","1,00","0,00",6,6,NA
"08SR29",2,19,NA,NA,NA,NA,NA,4,5,2,2,2,3,2,4,4,12,5,5,24,15,20,2,"0,00","1,00","1,00","0,00","0,00","1,00","0,00","3,00","0,00",NA,NA,6
"04AS21",2,22,NA,NA,NA,NA,NA,5,4,4,2,2,2,3,5,5,47,5,100,6,30,0,3,"1,00","1,00","0,00","0,00","0,00","0,00","1,00","3,00","0,00",NA,NA,NA
"17NS01",2,18,16,17,27,60,60,4,4,2,3,3,3,5,3,3,47,5,5,4,30,10,2,"1,00","1,00","1,00","1,00","0,00","0,00","0,00","4,00","",9,8,6
"89LP16",2,19,NA,NA,NA,NA,NA,4,4,4,2,2,2,4,5,5,24,5,100,2,1,20,2,"0,00","1,00","0,00","0,00","0,00","1,00","0,00","2,00","1,00",NA,NA,5
"44SP13",2,18,NA,NA,NA,NA,NA,3,4,3,2,2,2,2,4,3,47,10,100,9,15,0,2,"1,00","0,00","0,00","0,00","0,00","0,00","0,00","1,00","0,00",7,7,6
"50EP07",2,20,NA,NA,NA,NA,NA,5,5,1,1,1,3,3,5,5,47,5,5,0,1,10,2,"1,00","1,00","1,00","0,00","0,00","0,00","0,00","3,00","2,00",NA,NA,6
"76BS07",2,19,NA,NA,NA,NA,NA,5,4,5,2,2,3,5,5,5,36,5,100,8,30,10,2,"0,00","1,00","0,00","0,00","0,00","0,00","0,00","1,00","1,00",NA,NA,6
"54CP08",2,19,17,21,27,65,74,3,4,1,2,2,3,3,5,4,24,5,20,4,30,0,2,"0,00","1,00","0,00","1,00","0,00","0,00","0,00","2,00","0,00",NA,NA,5
"05GR21",2,20,22,16,21,59,59,4,4,3,2,2,1,3,4,4,24,10,100,12,30,20,3,"0,00","0,00","0,00","0,00","0,00","1,00","1,00","2,00","2,00",6,5,NA
"92NP01",2,19,15,14,21,50,66,4,4,4,2,2,1,4,4,4,24,10,100,6,15,20,1,"0,00","0,00","0,00","0,00","0,00","1,00","0,00","1,00","0,00",4,4,4
"34AM03",2,18,18,21,23,62,62,4,4,2,2,2,3,4,5,4,24,10,100,2,30,0,2,"0,00","0,00","0,00","0,00","0,00","0,00","0,00","0,00","0,00",7,6,2
"01GP09",2,25,NA,NA,NA,NA,NA,5,2,5,2,2,4,4,5,5,47,5,100,3,29,20,2,"1,00","1,00","0,00","0,00","1,00","1,00","0,00","4,00","0,00",NA,NA,NA
"57SM09",2,19,NA,NA,NA,NA,NA,NA,NA,NA,NA,NA,NA,NA,NA,NA,47,5,100,9,29,10,3,"1,00","1,00","0,00","0,00","1,00","0,00","1,00","4,00","0,00",NA,NA,NA
"59GM05",2,19,14,19,28,61,56,5,5,2,2,2,NA,4,5,4,47,5,5,12,29,10,1,"1,00","1,00","1,00","0,00","1,00","0,00","0,00","4,00","0,00",8,6,6
"58PS18",1,19,15,18,20,53,63,1,3,3,2,2,3,4,3,3,47,5,100,4,30,10,3,"1,00","1,00","0,00","1,00","0,00","0,00","1,00","4,00","",5,5,6
"73EM25",2,19,NA,NA,NA,NA,NA,4,4,3,2,2,5,2,4,3,47,5,100,9,30,10,3,"1,00","1,00","0,00","0,00","0,00","0,00","1,00","3,00","0,00",5,4,4
"28AS02",2,20,NA,NA,NA,NA,NA,5,4,1,2,2,5,4,5,5,47,10,5,NA,30,30,1,"1,00","0,00","1,00","0,00","0,00","0,00","0,00","2,00","0,00",NA,NA,NA
"97VP01",2,18,NA,NA,NA,NA,NA,4,3,2,2,2,2,3,5,4,47,5,100,9,15,0,2,"1,00","1,00","0,00","0,00","0,00","0,00","0,00","2,00","0,00",NA,NA,4
"19LP13",2,19,15,18,23,56,70,5,4,2,2,2,2,2,5,5,47,10,100,9,16,10,3,"1,00","0,00","0,00","0,00","0,00","0,00","1,00","2,00","0,00",NA,NA,6
"44CL06",2,18,19,26,28,73,47,4,5,3,2,2,2,4,4,4,20,10,100,6,15,90,1,"0,00","0,00","0,00","0,00","0,00","0,00","0,00","0,00","0,00",NA,NA,6
"78ST25",2,18,NA,NA,NA,NA,NA,4,4,2,2,2,2,4,4,3,24,10,500,12,15,0,1,"0,00","0,00","0,00","0,00","0,00","0,00","0,00","0,00","0,00",NA,NA,6
"41AL24",2,19,16,27,30,73,57,4,5,2,2,2,1,3,4,4,47,10,100,12,30,20,2,"1,00","0,00","0,00","0,00","0,00","1,00","0,00","2,00","0,00",NA,NA,NA
"89MP19",2,19,NA,NA,NA,NA,NA,3,3,1,2,2,3,3,3,2,47,90,100,12,1,100,2,"1,00","0,00","0,00","0,00","0,00","0,00","0,00","1,00","0,00",NA,NA,NA
"54VV12",2,18,16,16,22,54,62,4,4,2,2,2,3,4,5,5,48,5,5,6,15,10,3,"0,00","1,00","1,00","0,00","0,00","0,00","1,00","3,00","0,00",NA,NA,6
"90CT04",2,20,18,15,22,55,64,5,5,1,3,3,1,2,3,3,47,5,5,9,29,20,3,"1,00","1,00","1,00","0,00","1,00","1,00","1,00","6,00","0,00",6,6,NA
"54GR24",2,21,NA,NA,NA,NA,NA,3,3,4,2,2,3,2,5,5,47,5,5,9,30,10,1,"1,00","1,00","1,00","0,00","0,00","0,00","0,00","3,00","0,00",NA,NA,NA
"44AS03",1,20,NA,NA,NA,NA,NA,5,5,3,2,2,3,4,5,5,47,10,100,4,15,20,3,"1,00","0,00","0,00","1,00","0,00","1,00","1,00","4,00","",NA,NA,4
"07GP10",2,19,15,24,27,66,78,4,4,5,2,2,3,4,5,5,24,10,500,4,28,10,2,"0,00","0,00","0,00","1,00","0,00","0,00","0,00","1,00","",6,5,7
"28AS19",2,20,20,20,23,63,65,4,5,1,2,2,4,4,5,5,47,105,100,12,30,10,2,"1,00","0,00","0,00","0,00","0,00","0,00","0,00","1,00","0,00",NA,NA,6
"86FM21",1,19,14,22,23,59,68,4,5,4,2,2,4,4,5,5,47,5,100,4,30,10,2,"1,00","1,00","0,00","1,00","0,00","0,00","0,00","3,00","1,00",NA,NA,6
"58CS28",2,19,NA,NA,NA,NA,NA,5,4,4,2,2,4,4,5,5,12,5,5,9,30,20,3,"0,00","1,00","1,00","0,00","0,00","1,00","1,00","4,00","0,00",NA,NA,6
"55RP22",1,18,NA,NA,NA,NA,NA,4,4,3,2,2,3,2,4,3,47,10,100,0,30,0,2,"1,00","0,00","0,00","0,00","0,00","0,00","0,00","1,00","1,00",NA,NA,NA
"88EM29",2,19,16,22,30,68,52,4,4,3,3,3,2,3,5,4,47,5,100,9,30,20,2,"1,00","1,00","0,00","0,00","0,00","1,00","0,00","3,00","",NA,NA,NA
"72LV31",2,19,15,15,23,53,66,4,4,2,2,1,2,4,3,3,47,5,1,9,15,10,3,"1,00","1,00","0,00","0,00","0,00","0,00","1,00","3,00","0,00",7,6,6
"60FS08",2,18,23,16,22,61,60,3,5,1,2,2,3,2,3,5,47,5,100,6,15,10,3,"1,00","1,00","0,00","0,00","0,00","0,00","1,00","3,00","0,00",NA,NA,5
"78AM08",2,20,NA,NA,NA,NA,NA,5,4,3,2,2,2,2,5,5,47,5,100,4,1,0,2,"1,00","1,00","0,00","1,00","0,00","0,00","0,00","3,00","0,00",NA,NA,6
"03VV08",2,18,17,18,24,59,73,4,4,3,2,2,2,4,3,4,47,5,1,9,30,10,2,"1,00","1,00","0,00","0,00","0,00","0,00","0,00","2,00","0,00",6,6,6
"30AV25",2,19,25,23,26,74,67,3,4,3,2,2,2,2,4,2,47,10,10,9,1,20,3,"1,00","0,00","0,00","0,00","0,00","1,00","1,00","3,00","0,00",NA,NA,5
"03BM23",2,19,NA,NA,NA,NA,NA,4,4,3,2,2,3,5,5,4,12,5,5,9,29,20,2,"0,00","1,00","1,00","0,00","1,00","1,00","0,00","4,00","0,00",NA,NA,5
"81LP26",1,19,22,22,24,68,73,4,2,3,1,1,2,4,4,4,47,5,100,4,30,0,3,"1,00","1,00","0,00","1,00","0,00","0,00","1,00","4,00","0,00",NA,NA,NA
"05CS06",1,25,21,26,28,75,65,3,3,5,2,1,3,3,4,4,47,NA,100,4,NA,20,NA,"1,00","0,00","0,00","1,00","0,00","1,00","0,00","3,00","1,00",9,8,7
"30DL13",1,19,19,23,25,67,75,4,4,4,1,1,3,3,3,4,47,5,5,4,29,20,3,"1,00","1,00","1,00","1,00","1,00","1,00","1,00","7,00","0,00",NA,NA,3
"62SP04",2,20,NA,NA,NA,NA,NA,NA,NA,NA,NA,NA,NA,NA,NA,NA,47,5,100,NA,NA,20,3,"1,00","1,00","0,00","0,00","0,00","1,00","1,00","4,00","2,00",NA,NA,NA
"76FP20",1,20,NA,NA,NA,NA,NA,4,4,1,1,1,4,4,5,5,47,5,5,4,30,20,3,"1,00","1,00","1,00","1,00","0,00","1,00","1,00","6,00","1,00",NA,NA,NA
"47EP19",1,20,NA,NA,NA,NA,NA,5,5,1,2,1,3,4,3,4,47,10,5,6,29,20,3,"1,00","0,00","1,00","0,00","1,00","1,00","1,00","5,00","",NA,NA,6
"72EM08",2,19,23,21,24,68,52,4,5,3,2,2,2,4,5,5,47,10,5,24,29,0,3,"1,00","0,00","1,00","0,00","1,00","0,00","1,00","4,00","0,00",NA,NA,6
"48FS12",2,19,18,26,24,68,59,4,4,2,2,2,3,4,5,4,24,5,100,NA,30,20,2,"0,00","1,00","0,00","0,00","0,00","1,00","0,00","2,00","0,00",7,4,NA
"28CN06",2,19,15,17,25,57,77,5,5,3,2,2,2,3,5,4,12,5,100,9,30,10,3,"0,00","1,00","0,00","0,00","0,00","0,00","1,00","2,00","1,00",NA,NA,6
"82AM18",2,19,16,24,29,69,61,4,5,4,2,2,2,3,5,5,24,10,100,9,1,0,3,"0,00","0,00","0,00","0,00","0,00","0,00","1,00","1,00","0,00",NA,NA,5
"42ES12",2,19,NA,NA,NA,NA,NA,4,3,2,3,3,NA,4,2,2,47,9,1,1,1,20,3,"1,00","0,00","0,00","0,00","0,00","1,00","1,00","3,00","0,00",NA,NA,4
"41FS13",2,19,NA,NA,NA,NA,NA,4,4,2,2,2,2,4,5,4,24,5,100,9,30,30,3,"0,00","1,00","0,00","0,00","0,00","0,00","1,00","2,00","0,00",NA,NA,NA
"81AR02",2,18,10,13,18,41,79,5,5,2,2,2,2,4,5,5,24,10,100,9,30,20,3,"0,00","0,00","0,00","0,00","0,00","1,00","1,00","2,00","0,00",NA,NA,6
"02IM13",2,19,26,25,33,84,53,4,5,4,2,2,3,5,4,3,47,10,100,6,15,20,2,"1,00","0,00","0,00","0,00","0,00","1,00","0,00","2,00","0,00",6,6,3
"98CS21",2,19,13,14,23,50,47,5,5,2,2,2,1,3,5,5,24,10,100,NA,1,20,2,"0,00","0,00","0,00","0,00","0,00","1,00","0,00","1,00","",6,4,NA
"81NN30",2,19,15,15,23,53,48,4,5,1,2,2,2,4,4,4,47,90,5,12,30,10,3,"1,00","0,00","1,00","0,00","0,00","0,00","1,00","3,00","0,00",NA,NA,NA
"04EM19",2,18,17,18,26,61,67,4,4,2,1,1,NA,2,5,5,32,5,5,4,29,20,2,"0,00","1,00","1,00","1,00","1,00","1,00","0,00","5,00","0,00",6,6,6
"88SS21",2,19,21,24,33,78,61,4,4,4,1,1,3,4,4,3,NA,10,100,9,29,20,2,"0,00","0,00","0,00","0,00","1,00","1,00","0,00","2,00","0,00",6,5,NA
"73MM24",2,19,17,18,24,59,56,4,4,1,2,2,3,2,4,4,47,50,100,4,30,20,2,"1,00","0,00","0,00","1,00","0,00","1,00","0,00","3,00","0,00",NA,NA,NA
"79MV21",1,20,20,27,28,75,68,4,4,3,1,1,2,4,4,5,47,5,100,4,29,10,3,"1,00","1,00","0,00","1,00","1,00","0,00","1,00","5,00","1,00",NA,NA,NA
"05AZ24",1,20,24,21,22,67,70,5,5,3,3,3,NA,4,5,5,47,5,5,4,29,10,3,"1,00","1,00","1,00","1,00","1,00","0,00","1,00","6,00","2,00",NA,NA,6
"85GM26",1,20,21,21,32,74,58,4,3,5,2,2,3,4,4,4,47,5,5,4,15,10,3,"1,00","1,00","1,00","1,00","0,00","0,00","1,00","5,00","0,00",NA,NA,6
"13ES22",2,19,NA,NA,NA,NA,NA,5,4,3,3,3,NA,NA,3,4,24,10,100,0,15,20,2,"0,00","0,00","0,00","0,00","0,00","1,00","0,00","1,00","0,00",NA,NA,6
"66MN01",1,19,15,20,20,55,65,5,4,2,1,1,1,3,5,5,47,5,5,12,29,20,3,"1,00","1,00","1,00","0,00","1,00","1,00","1,00","6,00","0,00",NA,NA,6
"275530",2,20,NA,NA,NA,NA,NA,NA,NA,NA,NA,NA,NA,NA,NA,NA,24,10,100,9,30,10,2,"0,00","0,00","0,00","0,00","0,00","0,00","0,00","0,00","0,00",NA,NA,NA
"24AV20",2,19,NA,NA,NA,NA,NA,NA,NA,NA,NA,NA,NA,NA,NA,NA,NA,NA,NA,NA,NA,NA,NA,"0,00","0,00","0,00","0,00","0,00","0,00","0,00","0,00","",6,4,7
"33BT01",1,19,NA,NA,NA,NA,NA,NA,NA,NA,NA,NA,NA,NA,NA,NA,NA,NA,NA,NA,NA,NA,NA,"0,00","0,00","0,00","0,00","0,00","0,00","0,00","0,00","",NA,NA,NA
"43BM04",2,18,NA,NA,NA,NA,NA,NA,NA,NA,NA,NA,NA,NA,NA,NA,NA,NA,NA,NA,NA,NA,NA,"0,00","0,00","0,00","0,00","0,00","0,00","0,00","0,00","",NA,NA,NA
"81EL27",2,31,NA,NA,NA,NA,NA,NA,NA,NA,NA,NA,NA,NA,NA,NA,NA,NA,NA,NA,NA,NA,NA,"0,00","0,00","0,00","0,00","0,00","0,00","0,00","0,00","",NA,NA,6
"97AF08",2,21,NA,NA,NA,NA,NA,NA,NA,NA,NA,NA,NA,NA,NA,NA,NA,NA,NA,NA,NA,NA,NA,"0,00","0,00","0,00","0,00","0,00","0,00","0,00","0,00","",NA,NA,NA
"89AT23",2,20,16,21,26,63,72,NA,NA,NA,NA,NA,NA,NA,NA,NA,NA,NA,NA,NA,NA,NA,NA,"0,00","0,00","0,00","0,00","0,00","0,00","0,00","0,00","",7,5,NA
"57SM05",2,19,15,18,26,59,73,5,5,4,2,2,2,3,5,5,NA,NA,NA,NA,NA,NA,NA,"0,00","0,00","0,00","0,00","0,00","0,00","0,00","0,00","",NA,NA,6
"21SM19",2,19,16,16,21,53,73,NA,NA,NA,NA,NA,NA,NA,NA,NA,NA,NA,NA,NA,NA,NA,NA,"0,00","0,00","0,00","0,00","0,00","0,00","0,00","0,00","",8,6,6
"68FM27",2,20,19,19,18,56,72,NA,NA,NA,NA,NA,NA,NA,NA,NA,NA,NA,NA,NA,NA,NA,NA,"0,00","0,00","0,00","0,00","0,00","0,00","0,00","0,00","",NA,NA,4
"44AS04",2,18,NA,NA,NA,NA,NA,NA,NA,NA,NA,NA,NA,NA,NA,NA,NA,NA,NA,NA,NA,NA,NA,"0,00","0,00","0,00","0,00","0,00","0,00","0,00","0,00","",NA,NA,5
"57MF28",2,20,NA,NA,NA,NA,NA,NA,NA,NA,NA,NA,NA,NA,NA,NA,NA,NA,NA,NA,NA,NA,NA,"0,00","0,00","0,00","0,00","0,00","0,00","0,00","0,00","",NA,NA,NA
"54SP04",2,21,NA,NA,NA,NA,NA,NA,NA,NA,NA,NA,NA,NA,NA,NA,NA,NA,NA,NA,NA,NA,NA,"0,00","0,00","0,00","0,00","0,00","0,00","0,00","0,00","",NA,NA,6
"97GM11",2,19,23,29,32,84,70,NA,NA,NA,NA,NA,NA,NA,NA,NA,NA,NA,NA,NA,NA,NA,NA,"0,00","0,00","0,00","0,00","0,00","0,00","0,00","0,00","",NA,NA,5
"82AP10",2,20,NA,NA,NA,NA,NA,NA,NA,NA,NA,NA,NA,NA,NA,NA,NA,NA,NA,NA,NA,NA,NA,"0,00","0,00","0,00","0,00","0,00","0,00","0,00","0,00","",NA,NA,NA
"20BS05",2,19,NA,NA,NA,NA,NA,NA,NA,NA,NA,NA,NA,NA,NA,NA,NA,NA,NA,NA,NA,NA,NA,"0,00","0,00","0,00","0,00","0,00","0,00","0,00","0,00","",7,4,NA
"75EP03",2,18,19,18,24,61,69,NA,NA,NA,NA,NA,NA,NA,NA,NA,NA,NA,NA,NA,NA,NA,NA,"0,00","0,00","0,00","0,00","0,00","0,00","0,00","0,00","",8,5,NA
"14LT14",1,19,NA,NA,NA,NA,NA,5,4,2,2,2,2,5,5,5,NA,NA,NA,NA,NA,NA,NA,"0,00","0,00","0,00","0,00","0,00","0,00","0,00","0,00","",NA,NA,6
"63FM25",1,20,NA,NA,NA,NA,NA,NA,NA,NA,NA,NA,NA,NA,NA,NA,NA,NA,NA,NA,NA,NA,NA,"0,00","0,00","0,00","0,00","0,00","0,00","0,00","0,00","",NA,NA,6
"96IN13",2,19,22,21,30,73,59,NA,NA,NA,NA,NA,NA,NA,NA,NA,NA,NA,NA,NA,NA,NA,NA,"0,00","0,00","0,00","0,00","0,00","0,00","0,00","0,00","",NA,NA,5
"43TT28",1,22,NA,NA,NA,NA,NA,NA,NA,NA,NA,NA,NA,NA,NA,NA,NA,NA,NA,NA,NA,NA,NA,"0,00","0,00","0,00","0,00","0,00","0,00","0,00","0,00","",NA,NA,6
"97FR16",2,19,14,16,21,51,59,NA,NA,NA,NA,NA,NA,NA,NA,NA,NA,NA,NA,NA,NA,NA,NA,"0,00","0,00","0,00","0,00","0,00","0,00","0,00","0,00","",5,5,NA
"86ER24",2,38,NA,NA,NA,NA,NA,NA,NA,NA,NA,NA,NA,NA,NA,NA,NA,NA,NA,NA,NA,NA,NA,"0,00","0,00","0,00","0,00","0,00","0,00","0,00","0,00","",NA,NA,6
"34SS13",2,20,NA,NA,NA,NA,NA,NA,NA,NA,NA,NA,NA,NA,NA,NA,NA,NA,NA,NA,NA,NA,NA,"0,00","0,00","0,00","0,00","0,00","0,00","0,00","0,00","",NA,NA,4
"94SM05",2,20,NA,NA,NA,NA,NA,NA,NA,NA,NA,NA,NA,NA,NA,NA,NA,NA,NA,NA,NA,NA,NA,"0,00","0,00","0,00","0,00","0,00","0,00","0,00","0,00","",NA,NA,NA
"50LP17",1,21,NA,NA,NA,NA,NA,NA,NA,NA,NA,NA,NA,NA,NA,NA,NA,NA,NA,NA,NA,NA,NA,"0,00","0,00","0,00","0,00","0,00","0,00","0,00","0,00","",NA,NA,6
"66RP13",1,23,NA,NA,NA,NA,NA,NA,NA,NA,NA,NA,NA,NA,NA,NA,NA,NA,NA,NA,NA,NA,NA,"0,00","0,00","0,00","0,00","0,00","0,00","0,00","0,00","",NA,NA,6
"45AR24",1,20,15,18,21,54,75,NA,NA,NA,NA,NA,NA,NA,NA,NA,NA,NA,NA,NA,NA,NA,NA,"0,00","0,00","0,00","0,00","0,00","0,00","0,00","0,00","",NA,NA,6
"11SN05",2,21,NA,NA,NA,NA,NA,5,5,3,2,1,2,3,5,4,47,5,5,4,29,20,3,"1,00","1,00","1,00","1,00","1,00","1,00","1,00","7,00","0,00",NA,NA,6
"09GM16",1,18,14,18,26,58,63,NA,NA,NA,NA,NA,NA,NA,NA,NA,NA,NA,NA,NA,NA,NA,NA,"0,00","0,00","0,00","0,00","0,00","0,00","0,00","0,00","",NA,NA,6
"36SC18",NA,NA,NA,NA,NA,NA,NA,4,4,2,3,3,1,4,5,5,47,5,5,12,30,20,1,"1,00","1,00","1,00","0,00","0,00","1,00","0,00","4,00","0,00",NA,NA,NA
"BD2BC24",1,19,NA,NA,NA,NA,NA,1,1,2,3,3,5,1,5,3,24,NA,100,9,4,10,2,"0,00","0,00","0,00","0,00","0,00","0,00","0,00","0,00","",NA,NA,NA
"19BC32",NA,NA,NA,NA,NA,NA,NA,4,4,3,2,2,2,4,4,4,47,10,100,12,15,20,2,"1,00","0,00","0,00","0,00","0,00","1,00","0,00","2,00","0,00",NA,NA,NA
"23LG26",NA,NA,NA,NA,NA,NA,NA,4,4,2,2,2,3,4,5,5,24,5,100,12,15,10,2,"0,00","1,00","0,00","0,00","0,00","0,00","0,00","1,00","0,00",NA,NA,NA
"39ID10",NA,NA,NA,NA,NA,NA,NA,4,4,2,3,3,5,2,5,4,24,10,100,4,15,20,2,"0,00","0,00","0,00","1,00","0,00","1,00","0,00","2,00","1,00",NA,NA,NA
"",2,20,NA,NA,NA,NA,NA,NA,NA,NA,NA,NA,NA,NA,NA,NA,NA,NA,NA,5,NA,20,NA,"0,00","0,00","0,00","0,00","0,00","1,00","0,00","1,00","",NA,NA,NA
"42IA05",2,18,19,18,21,58,64,4,5,2,3,3,5,NA,4,4,24,10,100,12,NA,10,3,"0,00","0,00","0,00","0,00","0,00","0,00","1,00","1,00","",NA,NA,5
"63DB12",NA,NA,NA,NA,NA,NA,NA,5,5,5,1,1,3,3,4,4,47,5,5,12,30,10,3,"1,00","1,00","1,00","0,00","0,00","0,00","1,00","4,00","",NA,NA,NA
"74EL07",NA,NA,NA,NA,NA,NA,NA,NA,NA,NA,NA,NA,NA,NA,NA,NA,47,10,20,4,30,20,1,"1,00","0,00","0,00","1,00","0,00","1,00","0,00","3,00","1,00",NA,NA,NA
"63EB31",NA,NA,NA,NA,NA,NA,NA,4,5,1,3,3,5,5,5,5,47,10,100,12,15,10,3,"1,00","0,00","0,00","0,00","0,00","0,00","1,00","2,00","0,00",NA,NA,NA
"10MG24",NA,NA,NA,NA,NA,NA,NA,4,5,1,3,3,4,2,4,4,24,10,100,9,30,80,2,"0,00","0,00","0,00","0,00","0,00","0,00","0,00","0,00","0,00",NA,NA,NA
"95EB23",1,20,20,25,31,76,48,4,4,4,1,1,3,4,4,3,47,5,5,12,15,10,3,"1,00","1,00","1,00","0,00","0,00","0,00","1,00","4,00","0,00",NA,NA,6
"52AB29",NA,NA,17,15,30,62,62,4,4,1,3,3,3,4,3,3,24,10,100,9,30,30,3,"0,00","0,00","0,00","0,00","0,00","0,00","1,00","1,00","0,00",NA,NA,NA
"00LF05",NA,NA,NA,NA,NA,NA,NA,3,3,2,3,3,1,3,3,3,24,5,100,9,15,10,2,"0,00","1,00","0,00","0,00","0,00","0,00","0,00","1,00","0,00",NA,NA,NA
"05LG08",NA,NA,NA,NA,NA,NA,NA,4,4,2,3,3,1,5,5,5,47,5,100,4,29,20,3,"1,00","1,00","0,00","1,00","1,00","1,00","1,00","6,00","1,00",NA,NA,NA
"76AB08",NA,NA,NA,NA,NA,NA,NA,4,2,3,1,1,5,1,1,3,47,5,5,12,29,0,3,"1,00","1,00","1,00","0,00","1,00","0,00","1,00","5,00","3,00",NA,NA,NA
"70GB30",NA,NA,NA,NA,NA,NA,NA,5,3,5,2,2,4,4,5,5,24,10,5,0,15,0,2,"0,00","0,00","1,00","0,00","0,00","0,00","0,00","1,00","1,00",NA,NA,NA
"59PB14",NA,NA,NA,NA,NA,NA,NA,4,5,3,1,1,2,4,3,4,47,5,5,4,29,20,3,"1,00","1,00","1,00","1,00","1,00","1,00","1,00","7,00","0,00",NA,NA,NA
"46DC11",NA,NA,NA,NA,NA,NA,NA,5,5,5,2,2,5,4,5,5,47,5,5,9,29,20,3,"1,00","1,00","1,00","0,00","1,00","1,00","1,00","6,00","1,00",NA,NA,NA
"83DF30",NA,NA,17,21,29,67,51,5,4,3,1,1,2,2,4,3,47,5,5,4,29,10,3,"1,00","1,00","1,00","1,00","1,00","0,00","1,00","6,00","1,00",NA,NA,7
"22EA28",NA,NA,NA,NA,NA,NA,NA,4,4,2,2,2,3,3,5,5,47,5,100,9,30,20,NA,"1,00","1,00","0,00","0,00","0,00","1,00","0,00","3,00","0,00",NA,NA,NA
"13BF14",2,19,15,23,24,62,50,4,4,2,2,2,2,4,5,5,24,10,1,0,15,20,2,"0,00","0,00","0,00","0,00","0,00","1,00","0,00","1,00","0,00",NA,NA,NA
"94TC19",NA,NA,NA,NA,NA,NA,NA,5,5,2,3,3,5,2,4,4,NA,5,20,4,15,20,2,"0,00","1,00","0,00","1,00","0,00","1,00","0,00","3,00","1,00",NA,NA,NA
"22LB12",NA,NA,17,14,27,58,65,4,4,3,3,3,NA,NA,4,3,NA,5,100,NA,15,0,2,"0,00","1,00","0,00","0,00","0,00","0,00","0,00","1,00","0,00",NA,NA,NA
"25SM27",NA,NA,NA,NA,NA,NA,NA,3,4,2,2,2,3,2,4,2,47,10,20,9,30,10,2,"1,00","0,00","0,00","0,00","0,00","0,00","0,00","1,00","",NA,NA,NA
"78DZ10",NA,NA,NA,NA,NA,NA,NA,3,4,4,2,2,3,3,4,4,47,5,100,9,30,20,3,"1,00","1,00","0,00","0,00","0,00","1,00","1,00","4,00","1,00",NA,NA,NA
"81YP23",NA,NA,NA,NA,NA,NA,NA,NA,NA,NA,NA,NA,NA,NA,NA,NA,NA,NA,NA,NA,NA,NA,NA,"","","","","","","","","",6,6,6
"89CR22",NA,NA,NA,NA,NA,NA,NA,NA,NA,NA,NA,NA,NA,NA,NA,NA,NA,NA,NA,NA,NA,NA,NA,"","","","","","","","","",NA,NA,6
"16AP04",NA,NA,NA,NA,NA,NA,NA,4,4,3,2,2,3,4,5,5,NA,NA,NA,NA,NA,NA,NA,"","","","","","","","","",NA,NA,NA
"27SS30",NA,NA,NA,NA,NA,NA,NA,4,4,3,2,2,3,4,3,4,NA,NA,NA,NA,NA,NA,NA,"","","","","","","","","",NA,NA,NA
"28GM25",2,19,14,16,24,54,65,NA,NA,NA,NA,NA,NA,NA,NA,NA,NA,NA,NA,NA,NA,NA,NA,"","","","","","","","","",6,5,NA
"18SM05",2,20,17,21,28,66,43,NA,NA,NA,NA,NA,NA,NA,NA,NA,NA,NA,NA,NA,NA,NA,NA,"","","","","","","","","",NA,NA,NA
"70RT24",NA,NA,17,22,28,67,64,NA,NA,NA,NA,NA,NA,NA,NA,NA,NA,NA,NA,NA,NA,NA,NA,"","","","","","","","","",NA,NA,NA
"16MM07",NA,NA,13,20,27,60,54,NA,NA,NA,NA,NA,NA,NA,NA,NA,NA,NA,NA,NA,NA,NA,NA,"","","","","","","","","",NA,NA,NA
"31CP19",2,19,15,17,27,59,67,NA,NA,NA,NA,NA,NA,NA,NA,NA,NA,NA,NA,NA,NA,NA,NA,"","","","","","","","","",7,6,NA
"69CS26",2,19,18,19,28,65,68,NA,NA,NA,NA,NA,NA,NA,NA,NA,NA,NA,NA,NA,NA,NA,NA,"","","","","","","","","",8,6,NA
"67RL29",1,20,15,17,19,51,71,NA,NA,NA,NA,NA,NA,NA,NA,NA,NA,NA,NA,NA,NA,NA,NA,"","","","","","","","","",NA,NA,NA
"73VV19",2,18,18,18,24,60,66,NA,NA,NA,NA,NA,NA,NA,NA,NA,NA,NA,NA,NA,NA,NA,NA,"","","","","","","","","",NA,NA,NA
"10GP23",2,19,20,25,27,72,64,NA,NA,NA,NA,NA,NA,NA,NA,NA,NA,NA,NA,NA,NA,NA,NA,"","","","","","","","","",7,6,NA
"93SV24",2,19,13,17,23,53,79,NA,NA,NA,NA,NA,NA,NA,NA,NA,NA,NA,NA,NA,NA,NA,NA,"","","","","","","","","",7,4,NA
"49EP17",1,19,20,21,27,68,66,NA,NA,NA,NA,NA,NA,NA,NA,NA,NA,NA,NA,NA,NA,NA,NA,"","","","","","","","","",NA,NA,NA
"39AL23",1,24,27,22,34,83,63,NA,NA,NA,NA,NA,NA,NA,NA,NA,NA,NA,NA,NA,NA,NA,NA,"","","","","","","","","",9,8,NA
"40MM07",1,24,23,26,26,75,82,NA,NA,NA,NA,NA,NA,NA,NA,NA,NA,NA,NA,NA,NA,NA,NA,"","","","","","","","","",NA,NA,NA
"94OZ07",2,18,19,19,26,64,69,NA,NA,NA,NA,NA,NA,NA,NA,NA,NA,NA,NA,NA,NA,NA,NA,"","","","","","","","","",6,5,NA
"69SP14",2,19,13,16,26,55,51,NA,NA,NA,NA,NA,NA,NA,NA,NA,NA,NA,NA,NA,NA,NA,NA,"","","","","","","","","",NA,NA,NA
"14GN17",2,19,15,21,28,64,72,NA,NA,NA,NA,NA,NA,NA,NA,NA,NA,NA,NA,NA,NA,NA,NA,"","","","","","","","","",NA,NA,NA
"78VB17",2,21,18,16,21,55,59,NA,NA,NA,NA,NA,NA,NA,NA,NA,NA,NA,NA,NA,NA,NA,NA,"","","","","","","","","",NA,NA,5
"44SB17",2,20,19,22,21,62,69,NA,NA,NA,NA,NA,NA,NA,NA,NA,NA,NA,NA,NA,NA,NA,NA,"","","","","","","","","",NA,NA,NA
"17RA27",NA,NA,26,25,22,73,73,4,5,4,2,2,2,4,5,5,NA,NA,NA,NA,NA,NA,NA,"","","","","","","","","",NA,NA,5
"20ME21",1,19,21,24,24,69,59,NA,NA,NA,NA,NA,NA,NA,NA,NA,NA,NA,NA,NA,NA,NA,NA,"","","","","","","","","",NA,NA,6
"41GB24",2,19,12,16,26,54,78,5,5,3,2,2,3,4,5,5,NA,NA,NA,NA,NA,NA,NA,"","","","","","","","","",NA,NA,NA
"35SG16",2,19,17,18,25,60,72,NA,NA,NA,NA,NA,NA,NA,NA,NA,NA,NA,NA,NA,NA,NA,NA,"","","","","","","","","",NA,NA,NA
"95LD13",2,19,18,19,19,56,71,5,5,3,2,2,3,4,5,5,NA,NA,NA,NA,NA,NA,NA,"","","","","","","","","",NA,NA,NA
"11CM06",1,20,17,24,22,63,66,NA,NA,NA,NA,NA,NA,NA,NA,NA,NA,NA,NA,NA,NA,NA,NA,"","","","","","","","","",NA,NA,6
"22GB06",2,19,14,19,20,43,54,NA,NA,NA,NA,NA,NA,NA,NA,NA,NA,NA,NA,NA,NA,NA,NA,"","","","","","","","","",NA,NA,NA
"63CD22",2,19,14,25,26,65,72,NA,NA,NA,NA,NA,NA,NA,NA,NA,NA,NA,NA,NA,NA,NA,NA,"","","","","","","","","",NA,NA,NA
"95SA25",2,19,16,16,17,49,66,NA,NA,NA,NA,NA,NA,NA,NA,NA,NA,NA,NA,NA,NA,NA,NA,"","","","","","","","","",NA,NA,6
"89AI20",2,20,11,17,27,55,68,NA,NA,NA,NA,NA,NA,NA,NA,NA,NA,NA,NA,NA,NA,NA,NA,"","","","","","","","","",NA,NA,NA
"97DD13",2,19,21,17,27,65,74,NA,NA,NA,NA,NA,NA,NA,NA,NA,NA,NA,NA,NA,NA,NA,NA,"","","","","","","","","",NA,NA,7
"65CG11",2,18,14,16,24,54,62,NA,NA,NA,NA,NA,NA,NA,NA,NA,NA,NA,NA,NA,NA,NA,NA,"","","","","","","","","",NA,NA,NA
"16AC30",NA,NA,12,13,18,43,79,NA,NA,NA,NA,NA,NA,NA,NA,NA,NA,NA,NA,NA,NA,NA,NA,"","","","","","","","","",NA,NA,5
"15LG28",1,21,12,15,24,51,72,NA,NA,NA,NA,NA,NA,NA,NA,NA,NA,NA,NA,NA,NA,NA,NA,"","","","","","","","","",NA,NA,6
"84CD09",2,18,15,21,29,65,70,NA,NA,NA,NA,NA,NA,NA,NA,NA,NA,NA,NA,NA,NA,NA,NA,"","","","","","","","","",NA,NA,3
"71AC12",2,18,17,19,24,60,67,NA,NA,NA,NA,NA,NA,NA,NA,NA,NA,NA,NA,NA,NA,NA,NA,"","","","","","","","","",NA,NA,NA
"39CB11",2,30,16,19,25,60,56,NA,NA,NA,NA,NA,NA,NA,NA,NA,NA,NA,NA,NA,NA,NA,NA,"","","","","","","","","",NA,NA,NA
"53FR06",2,19,15,17,23,55,50,NA,NA,NA,NA,NA,NA,NA,NA,NA,NA,NA,NA,NA,NA,NA,NA,"","","","","","","","","",NA,NA,NA
"75MF02",2,20,16,20,25,61,75,NA,NA,NA,NA,NA,NA,NA,NA,NA,NA,NA,NA,NA,NA,NA,NA,"","","","","","","","","",NA,NA,NA
"78LG23",2,19,15,18,21,54,62,5,5,3,2,2,2,4,5,5,NA,NA,NA,NA,NA,NA,NA,"","","","","","","","","",NA,NA,6
"62GB21",2,19,16,18,22,56,60,NA,NA,NA,NA,NA,NA,NA,NA,NA,NA,NA,NA,NA,NA,NA,NA,"","","","","","","","","",NA,NA,6
"43AC64",2,23,19,21,30,70,65,NA,NA,NA,NA,NA,NA,NA,NA,NA,NA,NA,NA,NA,NA,NA,NA,"","","","","","","","","",NA,NA,NA
"56SS15",NA,NA,NA,NA,NA,NA,NA,NA,NA,NA,NA,NA,NA,NA,NA,NA,NA,NA,NA,NA,NA,NA,NA,"","","","","","","","","",NA,NA,NA
"48MB02",NA,NA,NA,NA,NA,NA,NA,NA,NA,NA,NA,NA,NA,NA,NA,NA,NA,NA,NA,NA,NA,NA,NA,"","","","","","","","","",NA,NA,NA
"19MD28",NA,NA,NA,NA,NA,NA,NA,NA,NA,NA,NA,NA,NA,NA,NA,NA,NA,NA,NA,NA,NA,NA,NA,"","","","","","","","","",NA,NA,NA
"89AI28",NA,NA,NA,NA,NA,NA,NA,NA,NA,NA,NA,NA,NA,NA,NA,NA,NA,NA,NA,NA,NA,NA,NA,"","","","","","","","","",NA,NA,NA
"",NA,NA,NA,NA,NA,NA,NA,NA,NA,NA,NA,NA,NA,NA,NA,NA,NA,NA,NA,NA,NA,NA,NA,"","","","","","","","","",NA,NA,NA
"BF1413",NA,NA,NA,NA,NA,NA,NA,NA,NA,NA,NA,NA,NA,NA,NA,NA,NA,NA,NA,NA,NA,NA,NA,"","","","","","","","","",NA,NA,NA
"68FV27",NA,NA,NA,NA,NA,NA,NA,NA,NA,NA,NA,NA,NA,NA,NA,NA,NA,NA,NA,NA,NA,NA,NA,"","","","","","","","","",NA,NA,NA
"26ND08",NA,NA,NA,NA,NA,NA,NA,5,4,2,2,2,1,3,4,4,NA,NA,NA,NA,NA,NA,NA,"","","","","","","","","",NA,NA,NA
"31LB04",NA,NA,NA,NA,NA,NA,NA,5,5,2,3,3,3,4,3,4,NA,NA,NA,NA,NA,NA,NA,"","","","","","","","","",NA,NA,NA
"34PC01",NA,NA,NA,NA,NA,NA,NA,4,4,3,3,3,2,2,4,4,NA,NA,NA,NA,NA,NA,NA,"","","","","","","","","",NA,NA,NA
"93GE01",NA,NA,NA,NA,NA,NA,NA,3,3,2,2,2,5,1,1,1,NA,NA,NA,NA,NA,NA,NA,"","","","","","","","","",NA,NA,NA
"",NA,NA,NA,NA,NA,NA,NA,NA,NA,NA,NA,NA,NA,NA,NA,NA,NA,NA,NA,NA,NA,NA,NA,"","","","","","","","","",NA,NA,NA
"",NA,NA,NA,NA,NA,NA,NA,NA,NA,NA,NA,NA,NA,NA,NA,NA,NA,NA,NA,NA,NA,NA,NA,"","","","","","","","","",NA,NA,NA
"",NA,NA,NA,NA,NA,NA,NA,NA,NA,NA,NA,NA,NA,NA,NA,NA,NA,NA,NA,NA,NA,NA,NA,"","","","","","","","","",NA,NA,NA
"",NA,NA,NA,NA,NA,NA,NA,NA,NA,NA,NA,NA,NA,NA,NA,NA,NA,NA,NA,NA,NA,NA,NA,"","","","","","","","","",NA,NA,NA
"",NA,NA,NA,NA,NA,NA,NA,NA,NA,NA,NA,NA,NA,NA,NA,NA,NA,NA,NA,NA,NA,NA,NA,"","","","","","","","","",NA,NA,NA
"",NA,NA,NA,NA,NA,NA,NA,NA,NA,NA,NA,NA,NA,NA,NA,NA,NA,NA,NA,NA,NA,NA,NA,"","","","","","","","","",NA,NA,NA
"",NA,NA,NA,NA,NA,NA,NA,NA,NA,NA,NA,NA,NA,NA,NA,NA,NA,NA,NA,NA,NA,NA,NA,"","","","","","","","","",NA,NA,NA
